symbol,name,source
A,Agilent Technologies,sp500
AACB,Artius II Acquisition Inc. - Class A Ordinary Shares,nasdaq
AACI,Armada Acquisition Corp. III - Class A Ordinary Share,nasdaq
AACO,Abony Acquisition Corp. I - Class A Ordinary Share,nasdaq
AACP,Apogee Acquisition Corp - Class A Ordinary Shares,nasdaq
AAL,"American Airlines Group, Inc. - Common Stock",nasdaq
AAME,Atlantic American Corporation - Common Stock,nasdaq
AAOI,"Applied Optoelectronics, Inc. - Common Stock",nasdaq
AAON,"AAON, Inc. - Common Stock",nasdaq
AAPG,Ascentage Pharma Group International - American Depository Shares,nasdaq
AAPL,Apple Inc.,sp500
AARD,"Aardvark Therapeutics, Inc. - Common Stock",nasdaq
ABAT,American Battery Technology Company - Common Stock,nasdaq
ABBV,AbbVie,sp500
ABCL,AbCellera Biologics Inc. - Common Shares,nasdaq
ABEO,Abeona Therapeutics Inc. - Common Stock,nasdaq
ABLV,Able View Global Inc. - Class B Ordinary Shares,nasdaq
ABNB,Airbnb,sp500
ABOS,"Acumen Pharmaceuticals, Inc. - Common Stock",nasdaq
ABSI,Absci Corporation - Common Stock,nasdaq
ABT,Abbott Laboratories,sp500
ABTC,American Bitcoin Corp. - Class A Common Stock,nasdaq
ABTS,Abits Group Inc - Ordinary Shares,nasdaq
ABUS,Arbutus Biopharma Corporation - Common Stock,nasdaq
ABVC,"ABVC BioPharma, Inc. - Common Stock",nasdaq
ACAA,Averin Capital Acquisition Corp. - Class A Ordinary Shares,nasdaq
ACAD,ACADIA Pharmaceuticals Inc. - Common Stock,nasdaq
ACB,Aurora Cannabis Inc. - Common Shares,nasdaq
ACCL,Acco Group Holdings Limited - Class A Ordinary Shares,nasdaq
ACDC,ProFrac Holding Corp. - Class A Common Stock,nasdaq
ACET,"Adicet Bio, Inc. - Common Stock",nasdaq
ACFN,"Acorn Energy, Inc. - Common Stock",nasdaq
ACGC,ACP Holdings Acquisition Corp. - Class A Ordinary Shares,nasdaq
ACGL,Arch Capital Group,sp500
ACHC,"Acadia Healthcare Company, Inc. - Common Stock",nasdaq
ACHV,"Achieve Life Sciences, Inc.  - Common Shares",nasdaq
ACIC,American Coastal Insurance Corporation - Common Stock,nasdaq
ACIU,AC Immune SA - Common Stock,nasdaq
ACIW,"ACI Worldwide, Inc. - Common Stock",nasdaq
ACLS,"Axcelis Technologies, Inc. - Common Stock",nasdaq
ACMR,"ACM Research, Inc. - Class A Common Stock",nasdaq
ACN,Accenture,sp500
ACNB,ACNB Corporation - Common Stock,nasdaq
ACNT,Ascent Industries Co. - Common Stock,nasdaq
ACOG,Alpha Cognition Inc. - Common Stock,nasdaq
ACON,"Aclarion, Inc. - Common Stock",nasdaq
ACRS,"Aclaris Therapeutics, Inc. - Common Stock",nasdaq
ACRV,"Acrivon Therapeutics, Inc. - Common Stock",nasdaq
ACT,"Enact Holdings, Inc. - Common Stock",nasdaq
ACTG,Acacia Research Corporation - Common Stock,nasdaq
ACTU,"Actuate Therapeutics, Inc. - Common stock",nasdaq
ACXP,"Acurx Pharmaceuticals, Inc. - Common Stock",nasdaq
ADAC,American Drive Acquisition Company - Class A Ordinary Shares,nasdaq
ADAG,"Adagene Inc. - ADS, each representing 1.25 ordinary shares",nasdaq
ADAM,"Adamas Trust, Inc. - Common Stock",nasdaq
ADBE,Adobe Inc.,sp500
ADEA,Adeia Inc.  - Common Stock,nasdaq
ADGM,"Adagio Medical Holdings, Inc - Common Stock",nasdaq
ADI,Analog Devices,sp500
ADIL,"Adial Pharmaceuticals, Inc - Common Stock",nasdaq
ADM,Archer Daniels Midland,sp500
ADMA,ADMA Biologics Inc - Common Stock,nasdaq
ADP,Automatic Data Processing,sp500
ADPT,Adaptive Biotechnologies Corporation - Common Stock,nasdaq
ADSE,ADS-TEC ENERGY PLC - Ordinary Shares,nasdaq
ADSK,Autodesk,sp500
ADTN,"ADTRAN Holdings, Inc. - Common Stock",nasdaq
ADUR,Aduro Clean Technologies Inc. - Common Stock,nasdaq
ADUS,Addus HomeCare Corporation - Common Stock,nasdaq
ADV,Advantage Solutions Inc.  - Class A Common Stock,nasdaq
ADVB,Advanced Biomed Inc. - Common Stock,nasdaq
AEAQ,Activate Energy Acquisition Corp. - Class A Ordinary Share,nasdaq
AEBI,Aebi Schmidt Holding AG - Common Stock,nasdaq
AEC,Anfield Energy Inc. - Common Shares,nasdaq
AEE,Ameren,sp500
AEHL,Antelope Enterprise Holdings Limited - Class A Ordinary Shares,nasdaq
AEHR,Aehr Test Systems - Common Stock,nasdaq
AEI,Alset Inc. - Common Stock,nasdaq
AEIS,"Advanced Energy Industries, Inc. - Common Stock",nasdaq
AEMD,"Aethlon Medical, Inc. - Common Stock",nasdaq
AENT,Alliance Entertainment Holding Corporation - common stock,nasdaq
AEP,American Electric Power,sp500
AERT,"Aeries Technology, Inc. - Class A Ordinary Share",nasdaq
AES,AES Corporation,sp500
AESP,Aeon Acquisition I Corp. - Class A Ordinary Shares,nasdaq
AEVA,"Aeva Technologies, Inc. - Common Stock",nasdaq
AEYE,"AudioEye, Inc. - Common Stock",nasdaq
AFBI,"Affinity Bancshares, Inc. - Common Stock",nasdaq
AFCG,Advanced Flower Capital Inc. - Common Stock,nasdaq
AFJK,"Aimei Health Technology Co., Ltd - Ordinary Share",nasdaq
AFL,Aflac,sp500
AFRI,Forafric Global PLC - Ordinary Shares,nasdaq
AFRM,"Affirm Holdings, Inc. - Class A Common Stock",nasdaq
AFYA,Afya Limited - Class A Common Shares,nasdaq
AGCC,Agencia Comercial Spirits Ltd - Class A Ordinary Share,nasdaq
AGEN,Agenus Inc. - Common Stock,nasdaq
AGIO,"Agios Pharmaceuticals, Inc. - Common Stock",nasdaq
AGMB,AgomAb Therapeutics NV - ADRs representing one common share.,nasdaq
AGMH,AGM Group Holdings Inc. - Class A Ordinary Shares,nasdaq
AGNC,AGNC Investment Corp. - Common Stock,nasdaq
AGNT,"AGNT, Inc. - Common Stock",nasdaq
AGPU,Axe Compute Inc. - Common Stock,nasdaq
AGRZ,Agroz Inc. - Class A Ordinary Shares,nasdaq
AGYS,"Agilysys, Inc. - Common Stock",nasdaq
AHCO,AdaptHealth Corp.  - Common Stock,nasdaq
AHMA,Ambitions Enterprise Management Co. L.L.C - Class A Ordinary Shares,nasdaq
AIAI,AIAI Holdings Corporation - Class A common stock,nasdaq
AIBZ,Bitzero Holdings Inc. - Common Shares,nasdaq
AIDX,"20/20 Biolabs, Inc. - Common Stock",nasdaq
AIFA,"All In FutureTech Alliance, Inc. - Common Stock",nasdaq
AIFC,AI Financial Corporation - Common Stock,nasdaq
AIFF,"Firefly Neuroscience, Inc.  - Common Stock",nasdaq
AIFU,AIFU Inc. - Class A Ordinary Share,nasdaq
AIG,American International Group,sp500
AIHS,Senmiao Technology Limited - Common Stock,nasdaq
AIIO,Robo.ai Inc. - Class B Ordinary Shares,nasdaq
AIIR,Air Global PLC - Ordinary shares,nasdaq
AIMD,"Ainos, Inc. - Common Stock",nasdaq
AIOS,AIOS Tech Inc. - Class A Common Shares,nasdaq
AIOT,"PowerFleet, Inc. - Common Stock",nasdaq
AIP,"Arteris, Inc.  - Common Stock",nasdaq
AIRE,reAlpha Tech Corp. - Common Stock,nasdaq
AIRG,"Airgain, Inc. - Common Stock",nasdaq
AIRJ,AirJoule Technologies Corporation - Class A Common Stock,nasdaq
AIRO,"AIRO Group Holdings, Inc. - Common Stock",nasdaq
AIRS,"AirSculpt Technologies, Inc. - Common Stock",nasdaq
AIRT,"Air T, Inc. - Common Stock",nasdaq
AISP,"Airship AI Holdings, Inc - Class A Common Stock",nasdaq
AIXC,"AIxCrypto Holdings, Inc. - Common Stock",nasdaq
AIZ,Assurant,sp500
AJG,Arthur J. Gallagher & Co.,sp500
AKAM,Akamai Technologies,sp500
AKAN,Akanda Corp. - Common Shares,nasdaq
AKBA,"Akebia Therapeutics, Inc. - Common Stock",nasdaq
AKTS,"Aktis Oncology, Inc. - Common stock",nasdaq
ALAB,"Astera Labs, Inc. - Common Stock",nasdaq
ALB,Albemarle Corporation,sp500
ALCO,"Alico, Inc. - Common Stock",nasdaq
ALDF,Aldel Financial II Inc. - Class A Ordinary Shares,nasdaq
ALDX,"Aldeyra Therapeutics, Inc. - Common Stock",nasdaq
ALEC,"Alector, Inc. - Common Stock",nasdaq
ALF,Centurion Acquisition Corp. - Class A Ordinary Shares,nasdaq
ALGM,"Allegro MicroSystems, Inc. - Common Stock",nasdaq
ALGN,Align Technology,sp500
ALGS,"Aligos Therapeutics, Inc. - Common stock",nasdaq
ALGT,Allegiant Travel Company - Common Stock,nasdaq
ALHC,"Alignment Healthcare, Inc. - Common Stock",nasdaq
ALIS,Calisa Acquisition Corp - Ordinary shares,nasdaq
ALKS,Alkermes plc - Ordinary Shares,nasdaq
ALKT,"Alkami Technology, Inc. - Common Stock",nasdaq
ALL,Allstate,sp500
ALLE,Allegion,sp500
ALLO,"Allogene Therapeutics, Inc. - Common Stock",nasdaq
ALLR,"Allarity Therapeutics, Inc. - Common stock",nasdaq
ALLT,Allot Ltd. - Ordinary Shares,nasdaq
ALM,Almonty Industries Inc. - Common Shares,nasdaq
ALMR,"Alamar Biosciences, Inc. - Class A common stock",nasdaq
ALMS,Alumis Inc. - Common Stock,nasdaq
ALMU,"Aeluma, Inc. - Common Stock",nasdaq
ALNT,Allient Inc. - Common Stock,nasdaq
ALNY,"Alnylam Pharmaceuticals, Inc. - Common Stock",nasdaq
ALOT,"AstroNova, Inc. - Common Stock",nasdaq
ALOV,"Aldabra 4 Liquidity Opportunity Vehicle, Inc. - Class A Ordinary Shares",nasdaq
ALOY,REalloys Inc. - Common Stock,nasdaq
ALP,Alpha Compute Corp  - Common Stock,nasdaq
ALPS,ALPS Group Inc - Ordinary Share,nasdaq
ALPX,Alpex Acquisition Corporation - Class A Ordinary Shares,nasdaq
ALRM,"Alarm.com Holdings, Inc. - Common Stock",nasdaq
ALRS,Alerus Financial Corporation - Common Stock,nasdaq
ALT,"Altimmune, Inc. - Common Stock",nasdaq
ALTI,"AlTi Global, Inc. - Class A Common Stock",nasdaq
ALTO,"Alto Ingredients, Inc. - Common Stock",nasdaq
ALVO,Alvotech - Ordinary Shares,nasdaq
ALXO,ALX Oncology Holdings Inc. - Common Stock,nasdaq
ALZN,"Alzamend Neuro, Inc. - Common Stock",nasdaq
AMAL,Amalgamated Financial Corp. - Common Stock,nasdaq
AMAN,Amanat Acquisition Corp - Class A Ordinary Shares,nasdaq
AMAT,Applied Materials,sp500
AMBA,"Ambarella, Inc. - Ordinary Shares",nasdaq
AMCI,AMC Robotics Corporation - Common Stock,nasdaq
AMCR,Amcor,sp500
AMCX,AMC Global Media Inc. - Class A Common Stock,nasdaq
AMD,Advanced Micro Devices,sp500
AME,Ametek,sp500
AMGN,Amgen,sp500
AMIX,"Autonomix Medical, Inc. - Common Stock",nasdaq
AMKR,"Amkor Technology, Inc. - Common Stock",nasdaq
AMLX,"Amylyx Pharmaceuticals, Inc. - Common Stock",nasdaq
AMOD,"Alpha Modus Holdings, Inc. - Class A Common Stock",nasdaq
AMP,Ameriprise Financial,sp500
AMPG,"Amplitech Group, Inc. - Common Stock",nasdaq
AMPH,"Amphastar Pharmaceuticals, Inc. - Common Stock",nasdaq
AMPL,"Amplitude, Inc. - Class A Common Stock",nasdaq
AMRX,"Amneal Pharmaceuticals, Inc. - Class A Common Stock",nasdaq
AMSC,American Superconductor Corporation - Common Stock,nasdaq
AMSF,"AMERISAFE, Inc. - Common Stock",nasdaq
AMSS,AMASS Brands Inc. - Common Stock,nasdaq
AMST,Amesite Inc. - Common Stock,nasdaq
AMT,American Tower,sp500
AMTX,"Aemetis, Inc - Common Stock",nasdaq
AMZN,Amazon,sp500
ANAB,"AnaptysBio, Inc. - Common Stock",nasdaq
ANDE,"The Andersons, Inc. - Common Stock",nasdaq
ANET,Arista Networks,sp500
ANGH,Anghami Inc. - Ordinary Shares,nasdaq
ANGI,Angi Inc. - Class A Common Stock,nasdaq
ANGO,"AngioDynamics, Inc. - Common Stock",nasdaq
ANIK,Anika Therapeutics Inc. - Common Stock,nasdaq
ANIP,"ANI Pharmaceuticals, Inc. - Common Stock",nasdaq
ANIX,"Anixa Biosciences, Inc. - Common Stock",nasdaq
ANNA,"AleAnna, Inc. - Class A Common Stock",nasdaq
ANNX,"Annexon, Inc. - common stock",nasdaq
ANPA,Rich Sparkle Holdings Limited - Ordinary Shares,nasdaq
ANSC,Agriculture & Natural Solutions Acquisition Corporation - Class A Ordinary Shares,nasdaq
ANTA,Antalpha Platform Holding Company - Class A Ordinary Shares,nasdaq
ANTX,"AN2 Therapeutics, Inc. - Common Stock",nasdaq
ANY,Sphere 3D Corp. - Common Shares,nasdaq
AON,Aon plc,sp500
AOS,A. O. Smith,sp500
AOSL,Alpha and Omega Semiconductor Limited - Common Shares,nasdaq
AOUT,"American Outdoor Brands, Inc. - Common Stock",nasdaq
APA,APA Corporation,sp500
APAC,StoneBridge Acquisition II Corporation - Class A Ordinary Shares,nasdaq
APC,ARKO Petroleum Corp. - Class A Common Stock,nasdaq
APD,Air Products,sp500
APEI,"American Public Education, Inc. - Common Stock",nasdaq
APGE,"Apogee Therapeutics, Inc. - Common Stock",nasdaq
APH,Amphenol,sp500
API,"Agora, Inc. - ADS",nasdaq
APLD,Applied Digital Corporation - Common Stock,nasdaq
APLM,Apollomics Inc. - Class A Ordinary Shares,nasdaq
APMC,AmperCap Acquisition Company - Ordinary Shares,nasdaq
APMD,"Apnimed, Inc. - Common Stock",nasdaq
APO,Apollo Global Management,sp500
APOG,"Apogee Enterprises, Inc. - Common Stock",nasdaq
APP,AppLovin,sp500
APPF,"AppFolio, Inc. - Class A Common Stock",nasdaq
APPN,Appian Corporation - Class A Common Stock,nasdaq
APPS,"Digital Turbine, Inc. - Common Stock",nasdaq
APRE,"Aprea Therapeutics, Inc. - Common Stock",nasdaq
APTV,Aptiv,sp500
APUR,Aperture AC - Class A Ordinary Shares,nasdaq
APVO,Aptevo Therapeutics Inc. - Common Stock,nasdaq
APWC,"Asia Pacific Wire & Cable Corporation Limited  - Common shares, Par value .01 per share",nasdaq
APXT,Apex Treasury Corporation - Class A Ordinary Share,nasdaq
APYX,Apyx Medical Corporation - Common Stock,nasdaq
AQB,"AquaBounty Technologies, Inc. - Common Stock",nasdaq
AQMS,"Aqua Metals, Inc. - Common Stock",nasdaq
AQST,"Aquestive Therapeutics, Inc. - Common Stock",nasdaq
ARAI,Arrive AI Inc. - Common Stock,nasdaq
ARAY,Accuray Incorporated - Common Stock,nasdaq
ARBB,ARB IOT Group Limited - Ordinary Shares,nasdaq
ARBE,Arbe Robotics Ltd. - Ordinary Shares,nasdaq
ARCB,ArcBest Corporation - Common Stock,nasdaq
ARCC,Ares Capital Corporation - Closed End Fund,nasdaq
ARCI,Archimedes Tech SPAC Partners III Co. - Ordinary Share,nasdaq
ARCL,ARC Group Acquisition I Corp - Class A Ordinary Shares,nasdaq
ARCT,Arcturus Therapeutics Holdings Inc. - Common Stock,nasdaq
ARDX,"Ardelyx, Inc. - Common Stock",nasdaq
ARE,Alexandria Real Estate Equities,sp500
AREC,American Resources Corporation - Class A Common Stock,nasdaq
ARES,Ares Management,sp500
ARHS,"Arhaus, Inc. - Class A Common Stock",nasdaq
ARKO,ARKO Corp. - Common Stock,nasdaq
ARKR,Ark Restaurants Corp. - Common Stock,nasdaq
AROW,Arrow Financial Corporation - Common Stock,nasdaq
ARQ,"Arq, Inc. - Common Stock",nasdaq
ARQQ,Arqit Quantum Inc. - Ordinary Shares,nasdaq
ARQT,"Arcutis Biotherapeutics, Inc. - Common stock",nasdaq
ARRY,"Array Technologies, Inc. - Common Stock",nasdaq
ARTC,Art Technology Acquisition Corp. - Class A Ordinary Shares,nasdaq
ARTL,"Artelo Biosciences, Inc. - Common Stock",nasdaq
ARTNA,Artesian Resources Corporation - Class A Non-Voting Common Stock,nasdaq
ARTV,"Artiva Biotherapeutics, Inc. - Common Stock",nasdaq
ARTW,"Art's-Way Manufacturing Co., Inc. - Common Stock",nasdaq
ARVN,"Arvinas, Inc. - Common Stock",nasdaq
ARWR,"Arrowhead Pharmaceuticals, Inc. - Common Stock",nasdaq
ARXS,"Arxis, Inc. - Class A Common Stock",nasdaq
ASBP,"Aspire Biopharma Holdings, Inc.  - Common Stock",nasdaq
ASLE,AerSale Corporation - Common Stock,nasdaq
ASMB,"Assembly Biosciences, Inc. - Common Stock",nasdaq
ASML,ASML Holding N.V. - New York Registry Shares,nasdaq
ASND,Ascendis Pharma A/S - Ordinary Share,nasdaq
ASO,"Academy Sports and Outdoors, Inc. - Common Stock",nasdaq
ASPC,A SPAC III Acquisition Corp. - Class A Ordinary Shares,nasdaq
ASPI,ASP Isotopes Inc. - Common Stock,nasdaq
ASPS,Altisource Portfolio Solutions S.A. - Common Stock,nasdaq
ASRV,AmeriServ Financial Inc. - Common Stock,nasdaq
ASST,"Strive, Inc. - Class A Common Stock",nasdaq
ASTC,Astrotech Corporation - Common Stock,nasdaq
ASTE,"Astec Industries, Inc. - Common Stock",nasdaq
ASTH,Astrana Health Inc. - Common Stock,nasdaq
ASTI,"Ascent Solar Technologies, Inc - Common Stock",nasdaq
ASTL,Algoma Steel Group Inc. - Common Shares,nasdaq
ASTS,"AST SpaceMobile, Inc. - Class A Common Stock",nasdaq
ASUR,Asure Software Inc - Common Stock,nasdaq
ASYS,"Amtech Systems, Inc. - Common Stock",nasdaq
ATAI,AtaiBeckley Inc. - Common Stock,nasdaq
ATCX,Atlas Critical Minerals Corporation - Common Stock,nasdaq
ATEC,"Alphatec Holdings, Inc. - Common Stock",nasdaq
ATER,"Aterian, Inc. - Common Stock",nasdaq
ATEX,Anterix Inc. - Common Stock,nasdaq
ATGL,Alpha Technology Group Limited - Class A Ordinary Shares,nasdaq
ATHR,"Aether Holdings, Inc. - Common Stock",nasdaq
ATII,Archimedes Tech SPAC Partners II Co. - Ordinary Shares,nasdaq
ATLC,Atlanticus Holdings Corporation - Common Stock,nasdaq
ATLO,Ames National Corporation - Common Stock,nasdaq
ATLX,Atlas Lithium Corporation - Common Stock,nasdaq
ATNI,"ATN International, Inc. - Common Stock",nasdaq
ATO,Atmos Energy,sp500
ATOM,Atomera Incorporated - Common Stock,nasdaq
ATOS,"Atossa Therapeutics, Inc. - Common Stock",nasdaq
ATPC,Agape ATP Corporation - Common Stock,nasdaq
ATRA,"Atara Biotherapeutics, Inc. - Common Stock",nasdaq
ATRC,"AtriCure, Inc. - Common Stock",nasdaq
ATRO,Astronics Corporation - Common Stock,nasdaq
ATXG,Addentax Group Corp. - Common Stock,nasdaq
ATYR,"aTyr Pharma, Inc. - Common Stock",nasdaq
AUBN,"Auburn National Bancorporation, Inc. - Common Stock",nasdaq
AUC,ATIF Holdings Limited - Ordinary Shares,nasdaq
AUDC,AudioCodes Ltd. - Ordinary Shares,nasdaq
AUGO,Aura Minerals Inc. - Common Shares,nasdaq
AUID,authID Inc. - Common Stock,nasdaq
AUPH,Aurinia Pharmaceuticals Inc - Common Shares,nasdaq
AUR,"Aurora Innovation, Inc.  - Class A Common Stock",nasdaq
AURA,"Aura Biosciences, Inc. - Common Stock",nasdaq
AURE,Aurelion Inc.  - Class A Ordinary Shares,nasdaq
AUUD,Auddia Inc. - Common Stock,nasdaq
AVAH,Aveanna Healthcare Holdings Inc. - Common Stock,nasdaq
AVAT,Avalanche Treasury Corporation - Class A Common Stock,nasdaq
AVAV,"AeroVironment, Inc. - Common Stock",nasdaq
AVB,AvalonBay Communities,sp500
AVBH,"Avidbank Holdings, Inc. - Common Stock",nasdaq
AVBP,"ArriVent BioPharma, Inc. - Common Stock",nasdaq
AVGO,Broadcom,sp500
AVIR,"Atea Pharmaceuticals, Inc. - common stock",nasdaq
AVLN,Avalyn Pharma Inc. - common stock,nasdaq
AVNW,"Aviat Networks, Inc. - Common Stock",nasdaq
AVO,"Mission Produce, Inc. - Common Stock",nasdaq
AVPT,"AvePoint, Inc. - Class A Common Stock",nasdaq
AVR,Anteris Technologies Global Corp. - Common Stock,nasdaq
AVT,"Avnet, Inc. - Common Stock",nasdaq
AVTX,"Avalo Therapeutics, Inc. - Common Stock",nasdaq
AVX,Avax One Technology Ltd. - Common Shares,nasdaq
AVXL,Anavex Life Sciences Corp. - Common Stock,nasdaq
AVY,Avery Dennison,sp500
AWK,American Water Works,sp500
AWRE,"Aware, Inc. - Common Stock",nasdaq
AXG,Solowin Holdings - Class A Ordinary Share,nasdaq
AXGN,"Axogen, Inc. - Common Stock",nasdaq
AXIN,Axiom Intelligence Acquisition Corp 1 - Class A Ordinary Shares,nasdaq
AXON,Axon Enterprise,sp500
AXP,American Express,sp500
AXSM,"Axsome Therapeutics, Inc. - Common Stock",nasdaq
AXTI,AXT Inc - Common Stock,nasdaq
AYA,Aya Gold & Silver Inc. - Common Shares,nasdaq
AYTU,"Aytu BioPharma, Inc.  - Common Stock",nasdaq
AZ,A2Z Cust2Mate Solutions Corp. - Common Shares,nasdaq
AZI,Autozi Internet Technology (Global) Ltd. - Class A Ordinary Shares,nasdaq
AZIO,"Azio AI Holdings, Inc. - Common stock",nasdaq
AZO,AutoZone,sp500
AZTA,"Azenta, Inc. - Common Stock",nasdaq
BA,Boeing,sp500
BAC,Bank of America,sp500
BACC,Blue Acquisition Corp. - Class A Ordinary Shares,nasdaq
BAER,"Bridger Aerospace Group Holdings, Inc. - Common Stock",nasdaq
BAFN,BayFirst Financial Corp. - Common Stock,nasdaq
BALL,Ball Corporation,sp500
BAND,Bandwidth Inc. - Class A Common Stock,nasdaq
BANF,BancFirst Corporation - Common Stock,nasdaq
BANL,CBL International Limited - Class B Ordinary Shares,nasdaq
BANR,Banner Corporation - Common Stock,nasdaq
BANX,ArrowMark Financial Corp. - Closed End Fund,nasdaq
BAOS,Baosheng Media Group Holdings Limited - Ordinary shares,nasdaq
BATRA,"Atlanta Braves Holdings, Inc. - Series A Common Stock",nasdaq
BATRK,"Atlanta Braves Holdings, Inc. - Series C Common Stock",nasdaq
BAX,Baxter International,sp500
BBCP,"Concrete Pumping Holdings, Inc.  - Common Stock",nasdaq
BBCQ,Bleichroeder Acquisition Corp. II - Class A Ordinary Shares,nasdaq
BBGI,"Beasley Broadcast Group, Inc. - Class A Common Stock",nasdaq
BBIO,"BridgeBio Pharma, Inc. - Common Stock",nasdaq
BBLG,Bone Biologics Corp - Common Stock,nasdaq
BBNX,"Beta Bionics, Inc. - Common Stock",nasdaq
BBOT,"BridgeBio Oncology Therapeutics, Inc. - Common Stock",nasdaq
BBSI,"Barrett Business Services, Inc. - Common Stock",nasdaq
BBY,Best Buy,sp500
BCAB,"BioAtla, Inc. - Common Stock",nasdaq
BCAL,California BanCorp - Common Stock,nasdaq
BCAR,D. Boral ARC Acquisition I Corp. - Class A Ordinary Shares,nasdaq
BCAX,Bicara Therapeutics Inc. - Common Stock,nasdaq
BCBP,"BCB Bancorp, Inc. (NJ) - Common Stock",nasdaq
BCDA,"BioCardia, Inc. - Common Stock",nasdaq
BCG,"Binah Capital Group, Inc. - Common Stock",nasdaq
BCIC,BCP Investment Corporation - Closed End Fund,nasdaq
BCML,BayCom Corp - Common Stock,nasdaq
BCPC,Balchem Corporation - Common Stock,nasdaq
BCRX,"BioCryst Pharmaceuticals, Inc. - Common Stock",nasdaq
BCTX,BriaCell Therapeutics Corp. - Common Shares,nasdaq
BDCI,BTC Development Corp. - Class A Ordinary Shares,nasdaq
BDMD,Baird Medical Investment Holdings Ltd - Ordinary Share,nasdaq
BDSX,"Biodesix, Inc. - Common Stock",nasdaq
BDTX,"Black Diamond Therapeutics, Inc. - Common Stock",nasdaq
BDX,Becton Dickinson,sp500
BEAG,Bold Eagle Acquisition Corp. - Class A Ordinary Shares,nasdaq
BEAM,Beam Therapeutics Inc. - Common Stock,nasdaq
BEAT,"Heartbeam, Inc. - Common Stock",nasdaq
BEEM,Beam Global - Common Stock,nasdaq
BEEP,Mobile Infrastructure Corporation - Common Stock,nasdaq
BELFA,Bel Fuse Inc. - Class A Common Stock,nasdaq
BELFB,Bel Fuse Inc. - Class B Common Stock,nasdaq
BEN,Franklin Resources,sp500
BENF,Beneficient - Class A Common Stock,nasdaq
BETR,Better Home & Finance Holding Company - Class A Common Stock,nasdaq
BF-B,Brown–Forman,sp500
BFC,Bank First Corporation - Common Stock,nasdaq
BFRG,"Bullfrog AI Holdings, Inc. - Common Stock",nasdaq
BFRI,Biofrontera Inc. - Common Stock,nasdaq
BFST,"Business First Bancshares, Inc. - Common Stock",nasdaq
BG,Bunge Global,sp500
BGC,"BGC Group, Inc. - Class A Common Stock",nasdaq
BGDE,"Big Digital Energy, Inc. - Common Stock",nasdaq
BGIN,Bgin Blockchain Limited - Class A Ordinary Shares,nasdaq
BGL,Blue Gold Limited - Class A ordinary shares,nasdaq
BGLC,BioNexus Gene Lab Corp - Common stock,nasdaq
BGM,BGM Group Ltd. - Class A Ordinary Shares,nasdaq
BGMS,"Bio Green Med Solution, Inc. - Common Stock",nasdaq
BHAV,BHAV Acquisition Corp - Class A Ordinary Shares,nasdaq
BHRB,Burke & Herbert Financial Services Corp. - Common Stock,nasdaq
BHST,BioHarvest Sciences Inc. - Common Stock,nasdaq
BIAF,"bioAffinity Technologies, Inc. - Common Stock",nasdaq
BID,Tribeca Strategic Acquisition Corp. - Class A Ordinary Shares,nasdaq
BIIB,Biogen,sp500
BIOA,"BioAge Labs, Inc. - Common Stock",nasdaq
BIOT,Instinct Bio Technical Company Holdings Inc. - Common stock,nasdaq
BIOX,Bioceres Crop Solutions Corp. - Ordinary Shares,nasdaq
BIRD,"Smartbird, Inc. - Class A Common Stock",nasdaq
BIVI,BioVie Inc. - Common stock,nasdaq
BIXI,Bitcoin Infrastructure Acquisition Corp Ltd. - Class A Ordinary Shares,nasdaq
BIYA,Baiya International Group Inc.  - Ordinary Shares,nasdaq
BJDX,"Bluejay Diagnostics, Inc. - Common Stock",nasdaq
BJRI,"BJ's Restaurants, Inc. - Common Stock",nasdaq
BKHA,Black Hawk Acquisition Corporation - Class A Ordinary Shares,nasdaq
BKNG,Booking Holdings,sp500
BKR,Baker Hughes,sp500
BKYI,"BIO-key International, Inc. - Common Stock",nasdaq
BL,"BlackLine, Inc. - Common Stock",nasdaq
BLBD,Blue Bird Corporation - Common Stock,nasdaq
BLDP,"Ballard Power Systems, Inc. - Common Shares",nasdaq
BLDR,Builders FirstSource,sp500
BLFS,"BioLife Solutions, Inc. - Common Stock",nasdaq
BLIN,"Bridgeline Digital, Inc. - Common Stock",nasdaq
BLIV,BeLive Holdings - ordinary shares,nasdaq
BLK,BlackRock,sp500
BLKB,"Blackbaud, Inc. - Common Stock",nasdaq
BLLN,"BillionToOne, Inc. - Class A common stock",nasdaq
BLMN,"Bloomin' Brands, Inc. - Common Stock",nasdaq
BLNE,"Beeline Holdings, Inc. - Common Stock",nasdaq
BLNK,Blink Charging Co. - Common Stock,nasdaq
BLRK,Bluerock Acquisition Corp. - Class A Ordinary Shares,nasdaq
BLUW,Blue Water Acquisition Corp. III - Class A Ordinary Shares,nasdaq
BLZE,"Backblaze, Inc. - Common Stock",nasdaq
BLZR,Trailblazer Acquisition Corp. - Class A Ordinary Shares,nasdaq
BMBL,Bumble Inc. - common stock,nasdaq
BMEA,"Biomea Fusion, Inc. - Common Stock",nasdaq
BMGL,Basel Medical Group Ltd - ordinary shares,nasdaq
BMHL,Bluemount Holdings Limited - Class B Ordinary Shares,nasdaq
BMM,Blue Moon Metals Inc. - Common Shares,nasdaq
BMR,Beamr Imaging Ltd. - Ordinary Share,nasdaq
BMRA,"Biomerica, Inc. - Common Stock",nasdaq
BMRC,Bank of Marin Bancorp - Common Stock,nasdaq
BMRN,BioMarin Pharmaceutical Inc. - Common Stock,nasdaq
BMY,Bristol Myers Squibb,sp500
BNAI,Brand Engagement Network Inc. - Common Stock,nasdaq
BNC,CEA Industries Inc. - Common Stock,nasdaq
BNGO,"Bionano Genomics, Inc. - Common Stock",nasdaq
BNKK,"Bonk, Inc. - Common Stock",nasdaq
BNRG,Brenmiller Energy Ltd - Ordinary Shares,nasdaq
BNTC,Benitec Biopharma Inc. - Common Stock,nasdaq
BNY,BNY Mellon,sp500
BNZI,"Banzai International, Inc. - Class A Common Stock",nasdaq
BODI,"The Beachbody Company, Inc. - Class A Common Stock",nasdaq
BOF,BranchOut Food Inc. - Common Stock,nasdaq
BOKF,BOK Financial Corporation - Common Stock,nasdaq
BOLD,"Boundless Bio, Inc. - Common Stock",nasdaq
BOLT,"Bolt Biotherapeutics, Inc. - Common Stock",nasdaq
BON,Bon Natural Life Limited - Class A Ordinary Shares,nasdaq
BOOM,DMC Global Inc. - Common Stock,nasdaq
BOSC,B.O.S. Better Online Solutions - Ordinary Shares,nasdaq
BOT,"RoboStrategy, Inc. - Common Stock",nasdaq
BOTJ,"Bank of the James Financial Group, Inc. - Common Stock",nasdaq
BOXL,Boxlight Corporation - Class A Common Stock,nasdaq
BPAC,Blueport Acquisition Ltd - Class A Ordinary Shares,nasdaq
BPOP,"Popular, Inc. - Common Stock",nasdaq
BPRN,"Princeton Bancorp, Inc. - Common Stock",nasdaq
BR,Broadridge Financial Solutions,sp500
BRAG,Bragg Gaming Group Inc. - Common Shares,nasdaq
BRAI,Braiin Limited - Common Stock,nasdaq
BRBI,BRBI BR Partners S.A. - ADSs,nasdaq
BRCB,"Black Rock Coffee Bar, Inc. - Class A Common Stock",nasdaq
BREZ,Breeze Acquisition Corp. II - Ordinary Shares,nasdaq
BRFH,Barfresh Food Group Inc. - Common Stock,nasdaq
BRID,Bridgford Foods Corporation - Common Stock,nasdaq
BRK-B,Berkshire Hathaway,sp500
BRKH,Burtech Acquisition Corp II - Class A Ordinary Shares,nasdaq
BRKR,Bruker Corporation - Common Stock,nasdaq
BRLS,Borealis Foods Inc. - Class A Common Shares,nasdaq
BRLT,"Brilliant Earth Group, Inc. - Class A Common Stock",nasdaq
BRO,Brown & Brown,sp500
BRR,"ProCap Financial, Inc. - Common Stock",nasdaq
BRTX,"BioRestorative Therapies, Inc. - Common Stock",nasdaq
BRUN,Boost Run Inc. - Class A Common Stock,nasdaq
BRZE,"Braze, Inc. - Class A Common Stock",nasdaq
BSAA,BEST SPAC I Acquisition Corp. - Class A Ordinary Shares,nasdaq
BSBK,Bogota Financial Corp. - Common Stock,nasdaq
BSET,"Bassett Furniture Industries, Incorporated - Common Stock",nasdaq
BSIN,Big Sky Industrial Inc. - Common Stock,nasdaq
BSP,Bending Spoons S.p.A. - Ordinary Shares,nasdaq
BSRR,Sierra Bancorp - Common Stock,nasdaq
BSVN,Bank7 Corp. - Common stock,nasdaq
BSX,Boston Scientific,sp500
BSY,"Bentley Systems, Incorporated - Class B Common Stock",nasdaq
BTAI,"BioXcel Therapeutics, Inc. - Common Stock",nasdaq
BTBD,"BT Brands, Inc. - Common Stock",nasdaq
BTBT,"Bit Digital, Inc. - Ordinary Share",nasdaq
BTCS,BTCS Inc. - Common Stock,nasdaq
BTCT,BTC Digital Ltd. - Ordinary Shares,nasdaq
BTDR,Bitdeer Technologies Group - Ordinary Shares,nasdaq
BTMD,Biote Corp. - Class A common stock,nasdaq
BTOC,Armlogi Holding Corp. - common stock,nasdaq
BTOG,Bit Origin Limited - Class A Ordinary Shares,nasdaq
BTQ,BTQ Technologies Corp. - Common Stock,nasdaq
BTTC,Black Titan Corp - Ordinary Shares,nasdaq
BULL,Webull Corporation - Class A Ordinary Shares,nasdaq
BUSE,First Busey Corporation - Common Stock,nasdaq
BUUU,BUUU Group Limited - Class A Ordinary Share,nasdaq
BVC,BitVentures Limited - Ordinary Share,nasdaq
BVFL,"BV Financial, Inc. - Common Stock",nasdaq
BVS,Bioventus Inc. - Class A Common Stock,nasdaq
BWB,"Bridgewater Bancshares, Inc. - Common Stock",nasdaq
BWEN,"Broadwind, Inc. - Common Stock",nasdaq
BWFG,"Bankwell Financial Group, Inc. - Common Stock",nasdaq
BWIN,"The Baldwin Insurance Group, Inc. - Class A Common Stock",nasdaq
BWMN,Bowman Consulting Group Ltd. - Common Stock,nasdaq
BX,Blackstone Inc.,sp500
BXBL,"BOXABL, Inc.  - Common stock",nasdaq
BXP,"BXP, Inc.",sp500
BYAH,"Park Ha Biological Technology Co., Ltd. - Class A Ordinary Shares",nasdaq
BYFC,Broadway Financial Corporation - Class A Common Stock,nasdaq
BYND,"Beyond Meat, Inc. - Common stock",nasdaq
BYRN,"Byrna Technologies, Inc. - Common Stock",nasdaq
BYSI,"BeyondSpring, Inc. - Ordinary Shares",nasdaq
BZ,KANZHUN LIMITED - American Depository Shares,nasdaq
BZAI,"Blaize Holdings, Inc. - Common Stock",nasdaq
BZFD,"BuzzFeed, Inc. - Class A Common Stock",nasdaq
C,Citigroup,sp500
CAAS,"China Automotive Systems, Inc. - Ordinary Share",nasdaq
CABA,"Cabaletta Bio, Inc. - Common Stock",nasdaq
CABR,"Caring Brands, Inc. - Common Stock",nasdaq
CAC,Camden National Corporation - Common Stock,nasdaq
CACC,Credit Acceptance Corporation - Common Stock,nasdaq
CADL,"Candel Therapeutics, Inc. - Common Stock",nasdaq
CAE,CAE Inc - Common Shares,nasdaq
CAES,"Cantor Equity Partners VII, Inc. - Class A Ordinary Shares",nasdaq
CAH,Cardinal Health,sp500
CAI,"Caris Life Sciences, Inc. - Common Stock",nasdaq
CAII,Collective Acquisition Corp. II - Class A Ordinary Shares,nasdaq
CAKE,The Cheesecake Factory Incorporated - Common Stock,nasdaq
CALC,"CalciMedica, Inc. - Common Stock",nasdaq
CALM,"Cal-Maine Foods, Inc. - Common Stock",nasdaq
CAMP,CAMP4 Therapeutics Corporation - Common Stock,nasdaq
CAMT,Camtek Ltd. - Ordinary Shares,nasdaq
CAPN,Cayson Acquisition Corp - Ordinary Shares,nasdaq
CAPR,"Capricor Therapeutics, Inc. - Common Stock",nasdaq
CAPS,Capstone Holding Corp. - Common Stock,nasdaq
CAQ,Cambridge Acquisition Corp. - Class A Ordinary Shares,nasdaq
CAR,"Avis Budget Group, Inc. - Common Stock",nasdaq
CARE,"Carter Bankshares, Inc. - Common Stock",nasdaq
CARG,"CarGurus, Inc. - Class A Common Stock",nasdaq
CARL,"Carlsmed, Inc. - Common Stock",nasdaq
CARR,Carrier Global,sp500
CART,Maplebear Inc. - Common Stock,nasdaq
CASH,"Pathward Financial, Inc. - Common Stock",nasdaq
CASS,"Cass Information Systems, Inc - Common Stock",nasdaq
CAST,"FreeCast, Inc. - Class A common stock",nasdaq
CASY,Casey's,sp500
CAT,Caterpillar Inc.,sp500
CATY,Cathay General Bancorp - Common Stock,nasdaq
CB,Chubb Limited,sp500
CBAT,CBAK Energy Technology Limited - Ordinary Shares,nasdaq
CBC,"Central Bancompany, Inc. - Class A Common Stock",nasdaq
CBFV,"CB Financial Services, Inc. - Common Stock",nasdaq
CBIO,"Crescent Biopharma, Inc. - Common Stock",nasdaq
CBK,"Commercial Bancgroup, Inc. - Common Stock",nasdaq
CBLL,"CeriBell, Inc. - Common Stock",nasdaq
CBNK,"Capital Bancorp, Inc. - Common Stock",nasdaq
CBOE,Cboe Global Markets,sp500
CBRE,CBRE Group,sp500
CBRL,"Cracker Barrel Old Country Store, Inc. - Common Stock",nasdaq
CBRS,Cerebras Systems Inc. - Class A Common Stock,nasdaq
CBSH,"Commerce Bancshares, Inc. - Common Stock",nasdaq
CBUS,"Cibus, Inc. - Class A Common Stock",nasdaq
CCAP,"Crescent Capital BDC, Inc. - Common Stock",nasdaq
CCAQ,Collective Acquisition Corp. - Class A ordinary shares,nasdaq
CCB,Coastal Financial Corporation - Common Stock,nasdaq
CCBG,Capital City Bank Group - Common Stock,nasdaq
CCC,CCC Intelligent Solutions Holdings Inc. - Common Stock,nasdaq
CCCC,"C4 Therapeutics, Inc. - Common Stock",nasdaq
CCCT,Columbus Circle Capital Corp III - Class A Ordinary Shares,nasdaq
CCD,Calamos Dynamic Convertible & Income Fund - Closed End Fund,nasdaq
CCEC,Capital Clean Energy Carriers Corp. - Common Share,nasdaq
CCEP,Coca-Cola Europacific Partners plc - Ordinary Shares,nasdaq
CCG,Cheche Group Inc. - Class A Ordinary Shares,nasdaq
CCHH,CCH Holdings Ltd - Class A Ordinary Shares,nasdaq
CCI,Crown Castle,sp500
CCII,Cohen Circle Acquisition Corp. II - Class A Ordinary Shares,nasdaq
CCL,Carnival Corporation,sp500
CCLD,"CareCloud, Inc. - Common Stock",nasdaq
CCNE,CNB Financial Corporation - Common Stock,nasdaq
CCOI,"Cogent Communications Holdings, Inc. - Common Stock",nasdaq
CCSI,"Consensus Cloud Solutions, Inc. - Common Stock",nasdaq
CCTG,CCSC Technology International Holdings Limited - Class A Ordinary Shares,nasdaq
CCXI,Churchill Capital Corp XI - Class A Ordinary Shares,nasdaq
CD,Chaince Digital Holdings Inc. - American Ordinary Shares,nasdaq
CDIO,Cardio Diagnostics Holdings Inc. - Common stock,nasdaq
CDLX,"Cardlytics, Inc. - Common Stock",nasdaq
CDNA,"CareDx, Inc. - Common Stock",nasdaq
CDNL,Cardinal Infrastructure Group Inc. - Class A Common Stock,nasdaq
CDNS,Cadence Design Systems,sp500
CDRO,"Codere Online Luxembourg, S.A. - Ordinary Shares",nasdaq
CDT,CDT Equity Inc. - Common Stock,nasdaq
CDTG,CDT Environmental Technology Investment Holdings Limited - ordinary shares,nasdaq
CDW,CDW Corporation,sp500
CDXS,"Codexis, Inc. - Common Stock",nasdaq
CDZI,"Cadiz, Inc. - Common Stock",nasdaq
CECO,CECO Environmental Corp. - Common Stock,nasdaq
CEG,Constellation Energy,sp500
CELC,Celcuity Inc. - Common Stock,nasdaq
CELH,"Celsius Holdings, Inc. - Common Stock",nasdaq
CELU,Celularity Inc. - Class A Common Stock,nasdaq
CELZ,"Creative Medical Technology Holdings, Inc. - Common Stock",nasdaq
CENN,Cenntro Inc. - Common Stock,nasdaq
CENT,Central Garden & Pet Company - Common Stock,nasdaq
CENTA,Central Garden & Pet Company - Class A Common Stock Nonvoting,nasdaq
CENX,Century Aluminum Company - Common Stock,nasdaq
CEPF,"Cantor Equity Partners IV, Inc. - Class A Ordinary Shares",nasdaq
CEPL,"Capstone Energy Plus, Inc. - Common Stock",nasdaq
CEPO,"Cantor Equity Partners I, Inc. - Class A Ordinary Shares",nasdaq
CEPS,"Cantor Equity Partners VI, Inc. - Class A Ordinary Shares",nasdaq
CEPV,"Cantor Equity Partners V, Inc. - Class A Ordinary Shares",nasdaq
CERS,Cerus Corporation - Common Stock,nasdaq
CERT,"Certara, Inc. - Common Stock",nasdaq
CETX,Cemtrex Inc. - Common Stock,nasdaq
CETY,"Clean Energy Technologies, Inc. - Common Stock",nasdaq
CEVA,"CEVA, Inc. - Common Stock",nasdaq
CF,CF Industries,sp500
CFBK,CF Bankshares Inc. - Common Stock,nasdaq
CFFI,C&F Financial Corporation - Common Stock,nasdaq
CFFN,"Capitol Federal Financial, Inc. - Common Stock",nasdaq
CFG,Citizens Financial Group,sp500
CG,The Carlyle Group Inc. - Common Stock,nasdaq
CGBD,"Carlyle Secured Lending, Inc. - Closed End Fund",nasdaq
CGC,Canopy Growth Corporation - Common Shares,nasdaq
CGEM,"Cullinan Therapeutics, Inc. - Common Stock",nasdaq
CGEN,Compugen Ltd. - Ordinary Shares,nasdaq
CGNT,Cognyte Software Ltd. - Ordinary Shares,nasdaq
CGNX,Cognex Corporation - Common Stock,nasdaq
CGO,Calamos Global Total Return Fund - Closed End Fund,nasdaq
CGON,"CG Oncology, Inc. - Common stock",nasdaq
CGTL,Creative Global Technology Holdings Limited - Class A Ordinary Shares,nasdaq
CGTX,"Cognition Therapeutics, Inc. - Common Stock",nasdaq
CHAI,"Core AI Holdings, Inc. - Common Shares",nasdaq
CHAR,Charlton Aria Acquisition Corporation - Class A Ordinary Shares,nasdaq
CHCI,"Comstock Holding Companies, Inc. - Class A Common Stock",nasdaq
CHCO,City Holding Company - Common Stock,nasdaq
CHD,Church & Dwight,sp500
CHDN,"Churchill Downs, Incorporated - Common Stock",nasdaq
CHEC,Chenghe Acquisition III Co. - Class A Ordinary Shares,nasdaq
CHEF,"The Chefs' Warehouse, Inc. - Common Stock",nasdaq
CHGA,Change Agents Corporation  - Common Stock,nasdaq
CHI,Calamos Convertible Opportunities and Income Fund - Closed End Fund,nasdaq
CHKP,Check Point Software Technologies Ltd. - Ordinary Shares,nasdaq
CHMG,Chemung Financial Corp  - Common Stock,nasdaq
CHNR,"China Natural Resources, Inc. - Common Shares",nasdaq
CHPG,ChampionsGate Acquisition Corporation - Class A Ordinary Share,nasdaq
CHR,"Cheer Holding, Inc.  - Class A Ordinary Share",nasdaq
CHRD,Chord Energy Corporation - Common Stock,nasdaq
CHRN,ChronoScale Holdings Corporation - Common Stock,nasdaq
CHRS,"Coherus Oncology, Inc. - Common Stock",nasdaq
CHRW,C.H. Robinson,sp500
CHSN,Chanson International Holding - Class A Ordinary Shares,nasdaq
CHTR,Charter Communications,sp500
CHW,Calamos Global Dynamic Income Fund - Closed End Fund,nasdaq
CHY,Calamos Convertible and High Income Fund - Closed End Fund,nasdaq
CHYM,"Chime Financial, Inc. - Class A Common Stock",nasdaq
CI,Cigna,sp500
CIEN,Ciena,sp500
CIFR,Cipher Digital Inc. - Common Stock,nasdaq
CIGI,Colliers International Group Inc.  - Subordinate Voting Shares,nasdaq
CIGL,Concorde International Group Ltd - Class A Ordinary Shares,nasdaq
CIIT,"Tianci International, Inc. - Common Stock",nasdaq
CINF,Cincinnati Financial,sp500
CING,Cingulate Inc. - Common Stock,nasdaq
CIRC,"Circle8 Group, Inc. - Common Stock",nasdaq
CISO,"CISO Global, Inc. - Common Stock",nasdaq
CISS,C3is Inc. - Common Stock,nasdaq
CIVB,"Civista Bancshares, Inc.  - Common Stock",nasdaq
CJMB,Callan JMB Inc. - Common Stock,nasdaq
CL,Colgate-Palmolive,sp500
CLAR,Clarus Corporation - Common Stock,nasdaq
CLBK,"Columbia Financial, Inc. - Common Stock",nasdaq
CLBT,Cellebrite DI Ltd. - Ordinary Shares,nasdaq
CLDX,"Celldex Therapeutics, Inc. - Common Stock",nasdaq
CLFD,"Clearfield, Inc. - Common Stock",nasdaq
CLGN,CollPlant Biotechnologies Ltd. - Ordinary Shares,nasdaq
CLIK,Click Holdings Limited - Ordinary Share,nasdaq
CLIR,ClearSign Technologies Corporation - Common Stock,nasdaq
CLMB,"Climb Global Solutions, Inc. - Common Stock",nasdaq
CLMT,"Calumet, Inc - Common Stock",nasdaq
CLNE,Clean Energy Fuels Corp. - Common Stock,nasdaq
CLNN,Clene Inc. - Common Stock,nasdaq
CLOV,"Clover Health Investments, Corp.  - Class A Common stock",nasdaq
CLPS,CLPS Incorporation - Common Stock,nasdaq
CLPT,ClearPoint Neuro Inc. - Common Stock,nasdaq
CLRB,"Cellectar Biosciences, Inc. - Common Stock",nasdaq
CLRO,"ClearOne, Inc. - Common Stock",nasdaq
CLSK,"CleanSpark, Inc. - Common Stock",nasdaq
CLST,"Catalyst Bancorp, Inc. - common stock",nasdaq
CLWT,Euro Tech Holdings Company Limited - Ordinary Shares,nasdaq
CLX,Clorox,sp500
CLYM,"Climb Bio, Inc. - Common Stock",nasdaq
CMCO,Columbus McKinnon Corporation - Common Stock,nasdaq
CMCSA,Comcast,sp500
CMCT,Creative Media  - Common Stock,nasdaq
CME,CME Group,sp500
CMG,Chipotle Mexican Grill,sp500
CMI,Cummins,sp500
CMII,Columbus Circle Capital Corp II - Class A Ordinary Shares,nasdaq
CMND,Clearmind Medicine Inc. - Common Shares,nasdaq
CMPR,Cimpress plc - Ordinary Shares,nasdaq
CMPS,COMPASS Pathways Plc - American Depository Shares,nasdaq
CMPX,"Compass Therapeutics, Inc. - Common Stock",nasdaq
CMRC,"Commerce.com, Inc. - Series 1 Common Stock",nasdaq
CMS,CMS Energy,sp500
CMTL,Comtech Telecommunications Corp. - Common Stock,nasdaq
CMTV,Community Bancorp.  - Common stock,nasdaq
CNC,Centene Corporation,sp500
CNCK,Coincheck Group N.V. - Ordinary Shares,nasdaq
CNDT,Conduent Incorporated - Common Stock,nasdaq
CNET,ZW Data Action Technologies Inc. - Common Stock,nasdaq
CNEY,CN Energy Group Inc. - Class A Ordinary Shares,nasdaq
CNOB,"ConnectOne Bancorp, Inc. - Common Stock",nasdaq
CNP,CenterPoint Energy,sp500
CNSP,"CNS Pharmaceuticals, Inc. - Common Stock",nasdaq
CNTB,Connect Biopharma Holdings Limited - Ordinary Shares,nasdaq
CNTN,"Canton Strategic Holdings, Inc. - Common Stock",nasdaq
CNTX,Context Therapeutics Inc. - Common Stock,nasdaq
CNTY,"Century Casinos, Inc. - Common Stock",nasdaq
CNVS,Cineverse Corp. - Class A Common Stock,nasdaq
CNXC,Concentrix Corporation - Common Stock,nasdaq
CNXN,"PC Connection, Inc. - Common Stock",nasdaq
CNXU,Conexeu Sciences Inc. - Common Stock,nasdaq
COAG,"Hemab Therapeutics Holdings, Inc. - Common Stock",nasdaq
COCH,"Envoy Medical, Inc. - Class A Common Stock",nasdaq
COCO,"The Vita Coco Company, Inc. - Common Stock",nasdaq
COCP,"Cocrystal Pharma, Inc. - Common Stock",nasdaq
CODA,"Coda Octopus Group, Inc. - Common stock",nasdaq
CODX,"Co-Diagnostics, Inc. - Common Stock",nasdaq
COF,Capital One,sp500
COFS,"ChoiceOne Financial Services, Inc. - Common Stock",nasdaq
COGT,"Cogent Biosciences, Inc. - Common Stock",nasdaq
COHR,Coherent Corp.,sp500
COHU,"Cohu, Inc. - Common Stock",nasdaq
COIN,Coinbase,sp500
COKE,"Coca-Cola Consolidated, Inc. - Common Stock",nasdaq
COLA,Columbus Acquisition Corp - Ordinary Shares,nasdaq
COLB,"Columbia Banking System, Inc. - Common Stock",nasdaq
COLL,"Collegium Pharmaceutical, Inc. - Common Stock",nasdaq
COLM,Columbia Sportswear Company - Common Stock,nasdaq
COO,Cooper Companies (The),sp500
COOT,Australian Oilseeds Holdings Limited - Ordinary Shares,nasdaq
COP,ConocoPhillips,sp500
COR,Cencora,sp500
CORT,Corcept Therapeutics Incorporated - Common Stock,nasdaq
CORZ,"Core Scientific, Inc. - Common Stock",nasdaq
COSM,Cosmos Health Inc. - Common Stock,nasdaq
COST,Costco,sp500
COYA,"Coya Therapeutics, Inc. - Common Stock",nasdaq
CPAY,Corpay,sp500
CPB,The Campbell's Company - Common Stock,nasdaq
CPBI,"Central Plains Bancshares, Inc. - Common Stock",nasdaq
CPHC,Canterbury Park Holding Corporation - Common Stock,nasdaq
CPIX,Cumberland Pharmaceuticals Inc. - Common Stock,nasdaq
CPOP,"Pop Culture Group Co., Ltd - Class A Ordinary Shares",nasdaq
CPRT,Copart,sp500
CPSH,CPS Technologies Corp. - Common Stock,nasdaq
CPSS,"Consumer Portfolio Services, Inc. - Common Stock",nasdaq
CPT,Camden Property Trust,sp500
CPZ,Calamos Long/Short Equity & Dynamic Income Trust - Closed End Fund,nasdaq
CRAC,Crown Reserve Acquisition Corp. I - Class A Ordinary Shares,nasdaq
CRAI,"CRA International,Inc. - Common Stock",nasdaq
CRAN,Crane Harbor Acquisition Corp. II - Class A Ordinary Shares,nasdaq
CRAQ,Cal Redwood Acquisition Corp. - Class A Ordinary Shares,nasdaq
CRBP,"Corbus Pharmaceuticals Holdings, Inc. - Common Stock",nasdaq
CRBU,"Caribou Biosciences, Inc. - Common Stock",nasdaq
CRCT,"Cricut, Inc. - Class A common stock",nasdaq
CRDF,"Cardiff Oncology, Inc. - Common Stock",nasdaq
CRDL,Cardiol Therapeutics Inc. - Class A Common Shares,nasdaq
CRDO,Credo Technology Group Holding Ltd - Ordinary Shares,nasdaq
CRE,Cre8 Enterprise Limited - Class A Ordinary Shares,nasdaq
CREX,"Creative Realities, Inc. - Common Stock",nasdaq
CRGO,Freightos Limited - Ordinary shares,nasdaq
CRH,CRH plc,sp500
CRIS,"Curis, Inc. - Common Stock",nasdaq
CRL,Charles River Laboratories,sp500
CRM,Salesforce,sp500
CRMD,CorMedix Inc. - Common Stock,nasdaq
CRML,Critical Metals Corp. - Ordinary Shares,nasdaq
CRMT,"America's Car-Mart, Inc. - Common Stock",nasdaq
CRNC,Cerence Inc. - Common Stock,nasdaq
CRNT,Ceragon Networks Ltd. - Ordinary Shares,nasdaq
CRNX,"Crinetics Pharmaceuticals, Inc. - Common Stock",nasdaq
CRON,Cronos Group Inc. - Common Share,nasdaq
CROX,"Crocs, Inc. - Common Stock",nasdaq
CRSP,CRISPR Therapeutics AG - Common Shares,nasdaq
CRSR,"Corsair Gaming, Inc. - Common Stock",nasdaq
CRTO,Criteo S.A. - Ordinary Shares,nasdaq
CRUS,"Cirrus Logic, Inc. - Common Stock",nasdaq
CRVL,CorVel Corp. - Common Stock,nasdaq
CRVO,CervoMed Inc. - Common Stock,nasdaq
CRVS,"Corvus Pharmaceuticals, Inc. - Common Stock",nasdaq
CRWD,CrowdStrike,sp500
CRWS,"Crown Crafts, Inc. - Common Stock",nasdaq
CRWV,"CoreWeave, Inc. - Class A Common Stock",nasdaq
CSAI,"Cloudastructure, Inc. - Class A Common Stock",nasdaq
CSBR,"Champions Oncology, Inc. - Common Stock",nasdaq
CSCO,Cisco,sp500
CSGP,CoStar Group,sp500
CSHR,CoinShares PLC - Ordinary Shares,nasdaq
CSIQ,Canadian Solar Inc. - Common Shares,nasdaq
CSPI,CSP Inc. - Common Stock,nasdaq
CSQ,Calamos Strategic Total Return Fund - Closed End Fund,nasdaq
CSTE,Caesarstone Ltd. - Ordinary Shares,nasdaq
CSTL,"Castle Biosciences, Inc. - Common stock",nasdaq
CSWC,Capital Southwest Corporation - Common Stock,nasdaq
CSX,CSX Corporation,sp500
CTAA,ClearThink 1 Acquisition Corp. - Class A Ordinary Shares,nasdaq
CTAS,Cintas,sp500
CTBI,"Community Trust Bancorp, Inc. - Common Stock",nasdaq
CTKB,"Cytek Biosciences, Inc. - Common Stock",nasdaq
CTMX,"CytomX Therapeutics, Inc. - Common Stock",nasdaq
CTNM,"Contineum Therapeutics, Inc. - Common stock",nasdaq
CTNT,Cheetah Net Supply Chain Service Inc. - Class A Common Stock,nasdaq
CTOR,"Citius Oncology, Inc.  - Common Stock",nasdaq
CTRM,Castor Maritime Inc. - Common Shares,nasdaq
CTRN,"Citi Trends, Inc. - Common Stock",nasdaq
CTSH,Cognizant,sp500
CTSO,Cytosorbents Corporation - Common Stock,nasdaq
CTVA,Corteva,sp500
CTW,CTW - Class A Ordinary Shares,nasdaq
CTXR,"Citius Pharmaceuticals, Inc. - Common Stock",nasdaq
CUB,Lionheart Holdings - Class A Ordinary Shares,nasdaq
CUE,"Cue Biopharma, Inc. - Common Stock",nasdaq
CULP,"Culp, Inc. - Common Shares",nasdaq
CUPR,Cuprina Holdings (Cayman) Limited - Class A Ordinary shares,nasdaq
CURI,CuriosityStream Inc.  - Class A Common Stock,nasdaq
CURR,Currenc Group Inc. - Ordinary Shares,nasdaq
CURX,Curanex Pharmaceuticals Inc - Common Stock,nasdaq
CV,"CapsoVision, Inc. - Common Stock",nasdaq
CVBF,CVB Financial Corporation - Common Stock,nasdaq
CVCO,"Cavco Industries, Inc. - Common Stock",nasdaq
CVGI,"Commercial Vehicle Group, Inc. - Common Stock",nasdaq
CVKD,"Cadrenal Therapeutics, Inc. - Common Stock",nasdaq
CVLT,"Commvault Systems, Inc. - Common Stock",nasdaq
CVNA,Carvana,sp500
CVRX,"CVRx, Inc. - Common Stock",nasdaq
CVS,CVS Health,sp500
CVV,CVD Equipment Corporation - Common Stock,nasdaq
CVX,Chevron Corporation,sp500
CWBC,Community West Bancshares - Common Stock,nasdaq
CWCO,Consolidated Water Co. Ltd. - Ordinary Shares,nasdaq
CWD,CaliberCos Inc. - Class A Common Stock,nasdaq
CWST,"Casella Waste Systems, Inc. - Class A Common Stock",nasdaq
CXAI,CXApp Inc. - Class A Common Stock,nasdaq
CXDO,"Crexendo, Inc. - Common Stock",nasdaq
CXII,Churchill Capital Corp XII - Class A Ordinary Shares,nasdaq
CYAB,"Cyabra, Inc. - Common Stock",nasdaq
CYCN,"Cyclerion Therapeutics, Inc. - Common Stock",nasdaq
CYCU,"Cycurion, Inc. - Common Stock",nasdaq
CYN,Cyngn Inc. - Common stock,nasdaq
CYPH,Cypherpunk Technologies Inc. - Common Stock,nasdaq
CYRX,"CryoPort, Inc. - Common Stock",nasdaq
CYTK,"Cytokinetics, Incorporated - Common Stock",nasdaq
CZFS,"Citizens Financial Services, Inc. - Common Stock",nasdaq
CZNC,Citizens & Northern Corp - Common Stock,nasdaq
CZR,"Caesars Entertainment, Inc. - Common Stock",nasdaq
CZWI,"Citizens Community Bancorp, Inc. - Common Stock",nasdaq
D,Dominion Energy,sp500
DAAQ,Digital Asset Acquisition Corp. - Class A Ordinary shares,nasdaq
DAIC,"CID HoldCo, Inc. - Common Stock",nasdaq
DAIO,Data I/O Corporation - Common Stock,nasdaq
DAKT,"Daktronics, Inc. - Common Stock",nasdaq
DAL,Delta Air Lines,sp500
DARE,"Dare Bioscience, Inc. - Common Stock",nasdaq
DASH,DoorDash,sp500
DAVE,Dave Inc.  - Class A Common Stock,nasdaq
DBCA,D. Boral Acquisition I Corp. - Class A Ordinary Shares,nasdaq
DBGI,"Digital Brands Group, Inc. - Common Stock",nasdaq
DBX,"Dropbox, Inc. - Class A Common Stock",nasdaq
DCBO,Docebo Inc. - Common Shares,nasdaq
DCGO,DocGo Inc. - Common Stock,nasdaq
DCOY,Decoy Therapeutics Inc. - Common Stock,nasdaq
DCTH,"Delcath Systems, Inc. - Common Stock",nasdaq
DCX,Digital Currency X Technology Inc. - Class A Ordinary Shares,nasdaq
DD,DuPont,sp500
DDI,"DoubleDown Interactive Co., Ltd. - American Depository Shares",nasdaq
DDOG,Datadog,sp500
DE,Deere & Company,sp500
DECK,Deckers Brands,sp500
DEFT,"Defi Technologies, Inc. - Common Stock",nasdaq
DELL,Dell Technologies,sp500
DERM,Journey Medical Corporation - Common Stock,nasdaq
DETX,"Liberty Defense Holdings, Ltd. - Common Shares",nasdaq
DFDV,DeFi Development Corp. - Common Stock,nasdaq
DFLI,Dragonfly Energy Holdings Corp - Common Stock,nasdaq
DFNS,T3 Defense Inc. - Common Stock,nasdaq
DFSC,"DEFSEC Technologies Inc. - common stock, no R/S concurrent with offering",nasdaq
DFTX,"Definium Therapeutics, Inc.  - Common Shares",nasdaq
DG,Dollar General,sp500
DGICA,"Donegal Group, Inc. - Class A Common Stock",nasdaq
DGICB,"Donegal Group, Inc. - Class B Common Stock",nasdaq
DGII,Digi International Inc. - Common Stock,nasdaq
DGNX,Diginex Limited - Ordinary Shares,nasdaq
DGX,Quest Diagnostics,sp500
DGXX,Digi Power X Inc. - Common Subordinate Voting Shares,nasdaq
DH,Definitive Healthcare Corp. - Class A Common Stock,nasdaq
DHC,Diversified Healthcare Trust  - Common Shares of Beneficial Interest,nasdaq
DHI,D. R. Horton,sp500
DHR,Danaher Corporation,sp500
DIBS,"1stdibs.com, Inc. - Common Stock",nasdaq
DIOD,Diodes Incorporated - Common Stock,nasdaq
DIS,Walt Disney Company (The),sp500
DJCO,Daily Journal Corp. (S.C.) - Common Stock,nasdaq
DJT,Trump Media & Technology Group Corp. - Common Stock,nasdaq
DKI,DarkIris Inc. - Class A Ordinary Shares,nasdaq
DKNG,DraftKings Inc. - Class A Common Stock,nasdaq
DLHC,DLH Holdings Corp. - Common Stock,nasdaq
DLO,DLocal Limited - Class A Common Shares,nasdaq
DLPN,"Dolphin Entertainment, Inc. - Common Stock",nasdaq
DLR,Digital Realty,sp500
DLTH,Duluth Holdings Inc. - Class B Common Stock,nasdaq
DLTR,Dollar Tree,sp500
DLXY,Delixy Holdings Limited - Class A Ordinary Shares,nasdaq
DMAA,Drugs Made In America Acquisition Corp. - Ordinary Shares,nasdaq
DMAC,DiaMedica Therapeutics Inc. - Common Stock,nasdaq
DMII,Drugs Made In America Acquisition II Corp. - Ordinary Shares,nasdaq
DMRA,"Damora Therapeutics, Inc. - Ordinary Shares",nasdaq
DMRC,Digimarc Corporation - Common Stock,nasdaq
DNLI,Denali Therapeutics Inc. - Common Stock,nasdaq
DNMX,Dynamix Corporation III - Class A Ordinary Shares,nasdaq
DNTH,"Dianthus Therapeutics, Inc. - Common Stock",nasdaq
DNUT,"Krispy Kreme, Inc. - Common Stock",nasdaq
DOC,Healthpeak Properties,sp500
DOCU,"DocuSign, Inc. - Common Stock",nasdaq
DOGZ,Dogness (International) Corporation - Class A Common Stock,nasdaq
DOMH,Dominari Holdings Inc. - Common Stock,nasdaq
DOMO,"Domo, Inc. - Class B Common Stock",nasdaq
DOO,BRP Inc. - Common Subordinate Voting Shares,nasdaq
DORM,"Dorman Products, Inc. - Common Stock",nasdaq
DOV,Dover Corporation,sp500
DOW,Dow Inc.,sp500
DOX,Amdocs Limited - Ordinary Shares,nasdaq
DPRO,Draganfly Inc. - Common Shares,nasdaq
DPU,Top KingWin Ltd - Class A Ordinary Shares,nasdaq
DPZ,Domino's,sp500
DRCT,"Direct Digital Holdings, Inc. - Class A Common Stock",nasdaq
DRDB,Roman DBDR Acquisition Corp. II - Ordinary shares,nasdaq
DRH,Diamondrock Hospitality Company - Common Stock,nasdaq
DRI,Darden Restaurants,sp500
DRIO,DarioHealth Corp. - Common Stock,nasdaq
DRMA,"Dermata Therapeutics, Inc. - Common Stock",nasdaq
DRS,"Leonardo DRS, Inc. - Common Stock",nasdaq
DRTS,Alpha Tau Medical Ltd. - Ordinary Shares,nasdaq
DRVN,Driven Brands Holdings Inc. - Common Stock,nasdaq
DSAC,Daedalus Special Acquisition Corp. - Class A Ordinary Shares,nasdaq
DSGN,"Design Therapeutics, Inc. - Common Stock",nasdaq
DSGR,"Distribution Solutions Group, Inc. - Common Stock",nasdaq
DSGX,The Descartes Systems Group Inc. - Common Stock,nasdaq
DSP,Viant Technology Inc. - common stock,nasdaq
DSWL,"Deswell Industries, Inc. - Common Shares",nasdaq
DSY,Big Tree Cloud Holdings Limited - Class A Ordinary Shares,nasdaq
DTCX,"Datacentrex, Inc. - Common Stock",nasdaq
DTE,DTE Energy,sp500
DTI,Drilling Tools International Corporation  - Common Stock,nasdaq
DTIL,"Precision BioSciences, Inc. - Common Stock",nasdaq
DTSQ,DT Cloud Star Acquisition Corporation - Ordinary Shares,nasdaq
DTSS,Datasea Intelligent Technology Ltd. - Class A Ordinary Shares,nasdaq
DTST,Data Storage Corporation - Common Stock,nasdaq
DUK,Duke Energy,sp500
DUKR,DUKE Robotics Corp. - Common Stock,nasdaq
DUO,Fangdd Network Group Ltd. - Class A Ordinary Shares,nasdaq
DUOL,"Duolingo, Inc. - Class A Common Stock",nasdaq
DUOT,"Duos Technologies Group, Inc. - Common Stock",nasdaq
DVA,DaVita,sp500
DVLT,Datavault AI Inc. - Common Stock,nasdaq
DVN,Devon Energy,sp500
DWSN,Dawson Geophysical Company - Common Stock,nasdaq
DWTX,"Dogwood Therapeutics, Inc.  - Common Stock",nasdaq
DXCM,Dexcom,sp500
DXLG,"Destination XL Group, Inc. - Common Stock",nasdaq
DXPE,"DXP Enterprises, Inc. - Common Stock",nasdaq
DXR,Daxor Corporation - Closed End Fund,nasdaq
DXST,Decent Holding Inc. - Class A Ordinary Shares,nasdaq
DYAI,"Dyadic International, Inc. - Common Stock",nasdaq
DYN,"Dyne Therapeutics, Inc. - Common Stock",nasdaq
DYNC,Dynamix Corporation - Class A Ordinary Share,nasdaq
DYOR,Insight Digital Partners II - Class A Ordinary Shares,nasdaq
EA,Electronic Arts,sp500
EBAY,eBay Inc.,sp500
EBC,"Eastern Bankshares, Inc. - Common Stock",nasdaq
EBMT,"Eagle Bancorp Montana, Inc. - Common Stock",nasdaq
EBON,Ebang International Holdings Inc. - Class A Ordinary Shares,nasdaq
ECBK,"ECB Bancorp, Inc. - Common Stock",nasdaq
ECHO,EchoStar,sp500
ECL,Ecolab,sp500
ECOR,"electroCore, Inc. - Common Stock",nasdaq
ECPG,Encore Capital Group Inc - Common Stock,nasdaq
ECX,ECARX Holdings Inc. - Class A Ordinary shares,nasdaq
ED,Consolidated Edison,sp500
EDBL,Edible Garden AG Incorporated - Common Stock,nasdaq
EDIT,"Editas Medicine, Inc. - Common Stock",nasdaq
EDRY,EuroDry Ltd. - Common Shares,nasdaq
EDSA,"Edesa Biotech, Inc. - Common Shares",nasdaq
EDTK,Skillful Craftsman Education Technology Limited - Ordinary Share,nasdaq
EDUC,Educational Development Corporation - Common Stock,nasdaq
EEFT,"Euronet Worldwide, Inc. - Common Stock",nasdaq
EEIQ,EpicQuest Education Group International Limited - Common Stock,nasdaq
EFOI,"Energy Focus, Inc. - Common Stock",nasdaq
EFSC,Enterprise Financial Services Corporation - Common Stock,nasdaq
EFSI,Eagle Financial Services Inc - Common Stock,nasdaq
EFTY,"Etoiles Capital Group Co., Ltd. - Class A Ordinary Shares",nasdaq
EFX,Equifax,sp500
EG,Everest Group,sp500
EGAN,eGain Corporation - Common Stock,nasdaq
EGBN,"Eagle Bancorp, Inc. - Common Stock",nasdaq
EGHA,EGH Acquisition Corp. - Class A ordinary shares,nasdaq
EGHT,8x8 Inc - Common stock,nasdaq
EH,EHang Holdings Limited - ADS,nasdaq
EHGO,Eshallgo Inc. - Class A Ordinary Shares,nasdaq
EHLD,Euroholdings Ltd. - Common Stock,nasdaq
EHTH,"eHealth, Inc. - Common Stock",nasdaq
EIKN,"Eikon Therapeutics, Inc. - Common Stock",nasdaq
EIX,Edison International,sp500
EJH,E-Home Household Service Holdings Limited - Ordinary shares,nasdaq
EL,Estée Lauder Companies (The),sp500
ELAB,PMGC Holdings Inc. - Common Stock,nasdaq
ELBM,Electra Battery Materials Corporation - Common Stock,nasdaq
ELDN,"Eledon Pharmaceuticals, Inc. - Common Stock",nasdaq
ELE,Elemental Royalty Corporation - Common Stock,nasdaq
ELMT,The Elmet Group Co. - Common Stock,nasdaq
ELOG,Eastern International Ltd. - Ordinary Shares,nasdaq
ELOX,"Eloxx Pharmaceuticals, Inc. - Common Stock",nasdaq
ELPW,Elong Power Holding Limited - Class A Ordinary Shares,nasdaq
ELSE,"Electro-Sensors, Inc. - Common Stock",nasdaq
ELTK,Eltek Ltd. - Ordinary Shares,nasdaq
ELTX,"Elicio Therapeutics, Inc. - Common Stock",nasdaq
ELUT,"Elutia, Inc. - Class A Common Stock",nasdaq
ELV,Elevance Health,sp500
ELVA,Electrovaya Inc. - Common Shares,nasdaq
ELVN,"Enliven Therapeutics, Inc.  - Common Stock",nasdaq
ELVR,Elevra Lithium Limited - American Depository Shares,nasdaq
ELWT,"Elauwit Connection, Inc. - Common Stock",nasdaq
EMAT,Evolution Metals & Technologies Corp. - Common Stock,nasdaq
EMBC,Embecta Corp. - Common Stock,nasdaq
EME,Emcor,sp500
EMIS,Emmis Acquisition Corp. - Class A Ordinary Share,nasdaq
EML,Eastern Company (The) - Common Stock,nasdaq
EMPD,Empery Digital Inc. - Common stock,nasdaq
EMR,Emerson Electric,sp500
ENGN,enGene Therapeutics Inc. - Common Stock,nasdaq
ENGS,Energys Group Limited - Ordinary Shares,nasdaq
ENLT,Enlight Renewable Energy Ltd. - Ordinary Shares,nasdaq
ENLV,Enlivex Ltd. - Ordinary Shares,nasdaq
ENPH,"Enphase Energy, Inc. - Common Stock",nasdaq
ENSC,"Ensysce Biosciences, Inc. - Common Stock",nasdaq
ENSG,"The Ensign Group, Inc. - Common Stock",nasdaq
ENTA,"Enanta Pharmaceuticals, Inc. - Common Stock",nasdaq
ENTG,"Entegris, Inc. - Common Stock",nasdaq
ENTX,Entera Bio Ltd. - Ordinary Shares,nasdaq
ENVB,"Enveric Biosciences, Inc.  - Common Stock",nasdaq
ENVX,Enovix Corporation - Common Stock,nasdaq
EOG,EOG Resources,sp500
EOLS,"Evolus, Inc. - Common Stock",nasdaq
EOSE,"Eos Energy Enterprises, Inc. - Common Stock",nasdaq
EPOW,E-Power Inc. - Class A Ordinary Shares,nasdaq
EPRX,Eupraxia Pharmaceuticals Inc. - Common Stock,nasdaq
EPSM,Epsium Enterprise Limited - Class A Ordinary Shares,nasdaq
EPSN,Epsilon Energy Ltd. - Common Shares,nasdaq
EQ,"Equillium, Inc. - Common Stock",nasdaq
EQIX,Equinix,sp500
EQPT,EquipmentShare.com Inc - Class A Common Stock,nasdaq
EQR,Equity Residential,sp500
EQT,EQT Corporation,sp500
ERAS,"Erasca, Inc. - Common Stock",nasdaq
ERIE,Erie Indemnity,sp500
ERII,"Energy Recovery, Inc. - Common Stock",nasdaq
ERNA,Ernexa Therapeutics Inc. - Common Stock,nasdaq
ES,Eversource Energy,sp500
ESCA,"Escalade, Incorporated - Common Stock",nasdaq
ESEA,Euroseas Ltd. - Common Stock,nasdaq
ESLA,"Estrella Immunopharma, Inc. - Common Stock",nasdaq
ESLT,Elbit Systems Ltd. - Ordinary Shares,nasdaq
ESOA,Energy Services of America Corporation - Common Stock,nasdaq
ESQ,"Esquire Financial Holdings, Inc. - Common Stock",nasdaq
ESS,Essex Property Trust,sp500
ESTA,Establishment Labs Holdings Inc. - Common Shares,nasdaq
ETN,Eaton Corporation,sp500
ETON,"Eton Pharmaceuticals, Inc. - Common Stock",nasdaq
ETOR,eToro Group Ltd. - Class A Common Shares,nasdaq
ETR,Entergy,sp500
ETS,Elite Express Holding Inc. - Class A Common Stock,nasdaq
EU,enCore Energy Corp. - Common Stock,nasdaq
EUDA,Euda Health Holdings Limited - Ordinary Shares,nasdaq
EURK,Eureka Acquisition Corp - Class A Ordinary Share,nasdaq
EVCM,EverCommerce Inc. - Common Stock,nasdaq
EVER,"EverQuote, Inc. - Class A Common Stock",nasdaq
EVGN,Evogene Ltd. - Ordinary Shares,nasdaq
EVGO,EVgo Inc. - Common Stock,nasdaq
EVLV,"Evolv Technologies Holdings, Inc. - Class A Common Stock",nasdaq
EVOX,Evolution Global Acquisition Corp - Class A Ordinary Shares,nasdaq
EVRG,Evergy,sp500
EW,Edwards Lifesciences,sp500
EWBC,"East West Bancorp, Inc. - Common Stock",nasdaq
EWTX,"Edgewise Therapeutics, Inc. - Common Stock",nasdaq
EXC,Exelon,sp500
EXE,Expand Energy,sp500
EXEL,"Exelixis, Inc. - Common Stock",nasdaq
EXFY,"Expensify, Inc. - Class A Common Stock",nasdaq
EXLS,"ExlService Holdings, Inc. - Common Stock",nasdaq
EXOZ,eXoZymes Inc. - Common Stock,nasdaq
EXPD,Expeditors International,sp500
EXPE,Expedia Group,sp500
EXPO,"Exponent, Inc. - Common Stock",nasdaq
EXR,Extra Space Storage,sp500
EXTR,"Extreme Networks, Inc. - Common Stock",nasdaq
EXYN,"Exyn Technologies, Inc. - Common Stock",nasdaq
EYE,"National Vision Holdings, Inc. - Common Stock",nasdaq
EYPT,"EyePoint, Inc. - Common Stock",nasdaq
EZGO,EZGO Technologies Ltd. - Ordinary Shares,nasdaq
EZPW,"EZCORP, Inc. - Class A Non-Voting Common Stock",nasdaq
EZRA,"Reliance Global Group, Inc. - Common Stock",nasdaq
F,Ford Motor Company,sp500
FA,First Advantage Corporation - Common Stock,nasdaq
FABC,"Fabric.AI, Inc. - Common Stock",nasdaq
FAC,Factorial Energy Inc. - Class A Common Stock,nasdaq
FACT,FACT II Acquisition Corp. - Class A Ordinary Shares,nasdaq
FAMI,"Farmmi, Inc. - Class A Ordinary Shares",nasdaq
FANG,Diamondback Energy,sp500
FAST,Fastenal,sp500
FATE,"Fate Therapeutics, Inc. - Common Stock",nasdaq
FATN,"FatPipe, Inc. - common stock",nasdaq
FBGL,FBS Global Limited - Ordinary Shares,nasdaq
FBIO,"Fortress Biotech, Inc. - Common Stock",nasdaq
FBIZ,"First Business Financial Services, Inc. - Common Stock",nasdaq
FBLA,"FB Bancorp, Inc. - Common Stock",nasdaq
FBLG,"FibroBiologics, Inc. - Common Stock",nasdaq
FBNC,First Bancorp - Common Stock,nasdaq
FBRX,"Forte Biosciences, Inc.  - Common Stock",nasdaq
FBYD,"Falcon's Beyond Global, Inc. - Class A Common Stock",nasdaq
FCAP,"First Capital, Inc. - Common Stock",nasdaq
FCBC,"First Community Bankshares, Inc. - Common Stock",nasdaq
FCCO,First Community Corporation - Common Stock,nasdaq
FCEL,"FuelCell Energy, Inc. - Common Stock",nasdaq
FCFS,"FirstCash Holdings, Inc. - Common Stock",nasdaq
FCHL,Fitness Champs Holdings Limited - Ordinary Shares,nasdaq
FCNCA,"First Citizens BancShares, Inc. - Class A Common Stock",nasdaq
FCUV,Focus Universal Inc. - Common Stock,nasdaq
FCX,Freeport-McMoRan,sp500
FDBC,"Fidelity D & D Bancorp, Inc. - Common Stock",nasdaq
FDMT,"4D Molecular Therapeutics, Inc. - Common Stock",nasdaq
FDS,FactSet,sp500
FDSB,"Fifth District Bancorp, Inc. - Common Stock",nasdaq
FDUS,Fidus Investment Corporation - Closed End Fund,nasdaq
FDX,FedEx,sp500
FDXF,FedEx Freight,sp500
FE,FirstEnergy,sp500
FEAM,"5E Advanced Materials, Inc. - Common Stock",nasdaq
FEBO,Fenbo Holdings Limited - Class A Ordinary Shares,nasdaq
FEED,"ENvue Medical, Inc. - Common Stock",nasdaq
FEIM,"Frequency Electronics, Inc. - Common Stock",nasdaq
FELE,"Franklin Electric Co., Inc. - Common Stock",nasdaq
FEMY,Femasys Inc. - Common Stock,nasdaq
FENC,Fennec Pharmaceuticals Inc. - Common Stock,nasdaq
FER,Ferrovial N.V. - Ordinary Shares,nasdaq
FERA,Fifth Era Acquisition Corp I - Class A Ordinary Shares,nasdaq
FFAI,Faraday Future Intelligent Electric Inc. - Class A Common Stock,nasdaq
FFBC,First Financial Bancorp. - Common Stock,nasdaq
FFIN,"First Financial Bankshares, Inc. - Common Stock",nasdaq
FFIV,"F5, Inc.",sp500
FGBI,"First Guaranty Bancshares, Inc. - Common Stock",nasdaq
FGI,FGI Industries Ltd. - Ordinary Shares,nasdaq
FGII,FG Imperii Acquisition Corp. - Class A Ordinary Shares,nasdaq
FGL,Founder Group Limited - Class A Ordinary Shares,nasdaq
FGNX,FG Nexus Inc. - Common Stock,nasdaq
FHB,"First Hawaiian, Inc. - Common Stock",nasdaq
FHTX,Foghorn Therapeutics Inc. - Common Stock,nasdaq
FIBK,"First Interstate BancSystem, Inc. - Common Stock",nasdaq
FICO,Fair Isaac,sp500
FIEE,"FiEE, Inc - Common Stock",nasdaq
FIGR,"Figure Technology Solutions, Inc. - Class A Common Stock",nasdaq
FIGX,FIGX Capital Acquisition Corp. - Class A ordinary share,nasdaq
FINW,FinWise Bancorp - Common Stock,nasdaq
FIP,FTAI Infrastructure Inc. - Common Stock,nasdaq
FIS,Fidelity National Information Services,sp500
FISI,"Financial Institutions, Inc. - Common Stock",nasdaq
FISN,"Deep Fission, Inc. - Common Stock",nasdaq
FISV,Fiserv,sp500
FITB,Fifth Third Bancorp,sp500
FIVE,"Five Below, Inc. - Common Stock",nasdaq
FIVN,"Five9, Inc. - Common Stock",nasdaq
FIX,Comfort Systems USA,sp500
FIZZ,National Beverage Corp. - Common Stock,nasdaq
FKWL,Franklin Wireless Corp. - common stock,nasdaq
FLD,"Fold Holdings, Inc. - Class A Common Stock",nasdaq
FLEX,Flex Ltd.,sp500
FLGT,"Fulgent Genetics, Inc. - Common Stock",nasdaq
FLL,"Full House Resorts, Inc. - Common Stock",nasdaq
FLNA,"Filana Therapeutics, Inc. - Common Stock",nasdaq
FLNC,"Fluence Energy, Inc. - Class A Common Stock",nasdaq
FLNT,"Fluent, Inc. - Common Stock",nasdaq
FLUX,"Flux Power Holdings, Inc. - Common Stock",nasdaq
FLWS,"1-800-FLOWERS.COM, Inc. - Class A Common Stock",nasdaq
FLXS,"Flexsteel Industries, Inc. - Common Stock",nasdaq
FLY,Firefly Aerospace Inc. - Common Stock,nasdaq
FLYE,"Fly-E Group, Inc. - Common Stock",nasdaq
FLYW,Flywire Corporation - Voting Common Stock,nasdaq
FLZH,"Flash Sports & Media Holdings, Inc. - Common Stock",nasdaq
FMAC,Future Money Acquisition Corporation - Ordinary Shares,nasdaq
FMAO,"Farmers & Merchants Bancorp, Inc. - Common Stock",nasdaq
FMBH,"First Mid Bancshares, Inc. - Common Stock",nasdaq
FMFC,Kandal M Venture Limited - Class A ordinary Shares,nasdaq
FMNB,Farmers National Banc Corp. - Common Stock,nasdaq
FMST,Foremost Clean Energy Ltd. - Common Shares,nasdaq
FNGR,"FingerMotion, Inc. - common stock",nasdaq
FNKO,"Funko, Inc. - Class A Common Stock",nasdaq
FNLC,"First Bancorp, Inc (ME) - Common Stock",nasdaq
FNRN,First Northern Community Bancorp - Common stock,nasdaq
FNUC,Frontier Nuclear and Minerals Inc. - Common Shares,nasdaq
FNWB,First Northwest Bancorp - Common Stock,nasdaq
FNWD,Finward Bancorp - common stock,nasdaq
FOFO,"Hang Feng Technology Innovation Co., Ltd. - Ordinary Shares",nasdaq
FORM,"FormFactor, Inc. - Common Stock",nasdaq
FORR,"Forrester Research, Inc. - Common Stock",nasdaq
FOSL,"Fossil Group, Inc. - Common Stock",nasdaq
FOX,Fox Corporation (Class B),sp500
FOXA,Fox Corporation (Class A),sp500
FOXF,Fox Factory Holding Corp. - Common Stock,nasdaq
FOXX,Foxx Development Holdings Inc. - Common Stock,nasdaq
FRAF,Franklin Financial Services Corporation - Common Stock,nasdaq
FRBA,First Bank  - Common Stock,nasdaq
FRD,Friedman Industries Inc. - Common Stock,nasdaq
FRGT,"Freight Technologies, Inc. - Ordinary Shares",nasdaq
FRHC,Freedom Holding Corp. - Common Stock,nasdaq
FRME,First Merchants Corporation - Common Stock,nasdaq
FRMI,Fermi Inc. - Common Stock,nasdaq
FRMM,"Forum Markets, Incorporated - Common Stock",nasdaq
FRNM,"Freenome, Inc. - Common stock",nasdaq
FROG,JFrog Ltd. - Ordinary shares,nasdaq
FRPH,"FRP Holdings, Inc. - Common Stock",nasdaq
FRPT,"Freshpet, Inc. - Common Stock",nasdaq
FRSH,Freshworks Inc. - Class A Common Stock,nasdaq
FRST,Primis Financial Corp. - Common Stock,nasdaq
FRT,Federal Realty Investment Trust,sp500
FRTT,Fort Technology Inc. - Common Shares,nasdaq
FRVO,Fervo Energy Company - Class A common stock,nasdaq
FSBC,Five Star Bancorp - Common Stock,nasdaq
FSBW,"FS Bancorp, Inc. - Common Stock",nasdaq
FSEA,"First Seacoast Bancorp, Inc. - Common Stock",nasdaq
FSHP,Flag Ship Acquisition Corp. - Ordinary Shares,nasdaq
FSLR,First Solar,sp500
FSLY,"Fastly, Inc. - Class A Common Stock",nasdaq
FSTR,L.B. Foster Company - Common Stock,nasdaq
FSUN,FirstSun Capital Bancorp - Common Stock,nasdaq
FSV,FirstService Corporation - Common Shares,nasdaq
FTAI,FTAI Aviation Ltd. - Common Stock,nasdaq
FTCI,"FTC Solar, Inc. - Common Stock",nasdaq
FTDR,"Frontdoor, Inc. - Common Stock",nasdaq
FTEK,"Fuel Tech, Inc. - Common Stock",nasdaq
FTFT,Future FinTech Group Inc. - Common Stock,nasdaq
FTH,"Faeth Therapeutics, Inc.  - Common Stock",nasdaq
FTHA,Forefront Tech Holdings Acquisition Corp - Class A Ordinary Shares,nasdaq
FTHM,Fathom Holdings Inc. - Common Stock,nasdaq
FTLF,"FitLife Brands, Inc. - Common Stock",nasdaq
FTNT,Fortinet,sp500
FTRE,Fortrea Holdings Inc. - Common Stock,nasdaq
FTRK,FAST TRACK GROUP - Ordinary shares,nasdaq
FTV,Fortive,sp500
FUFU,BitFuFu Inc. - Class A Ordinary Shares,nasdaq
FULC,"Fulcrum Therapeutics, Inc. - Common Stock",nasdaq
FULT,Fulton Financial Corporation - Common Stock,nasdaq
FUND,"Sprott Focus Trust, Inc. - Closed End Fund",nasdaq
FUSB,"First US Bancshares, Inc. - Common Stock",nasdaq
FUSE,Fusemachines Inc. - Common stock,nasdaq
FVAV,Fortress Value Acquisition Corp. V - Class A Ordinary Shares,nasdaq
FVCB,"FVCBankcorp, Inc. - Common Stock",nasdaq
FVN,Future Vision II Acquisition Corporation - Ordinary Shares,nasdaq
FWAC,Futurewave Acquisition Corporation - Ordinary Shares,nasdaq
FWDI,"Forward Industries, Inc. - Common Stock",nasdaq
FWONA,Liberty Media Corporation - Series A Liberty Formula One Common Stock,nasdaq
FWONK,Liberty Media Corporation - Series C Liberty Formula One Common Stock,nasdaq
FWRD,Forward Air Corporation - Common Stock,nasdaq
FWRG,"First Watch Restaurant Group, Inc. - Common Stock",nasdaq
FXAC,FortuneX Acquisition Corporation - Ordinary shares,nasdaq
FXHO,UTime Limited - Class A Ordinary Shares,nasdaq
FXNC,First National Corporation - Common Stock,nasdaq
GABC,"German American Bancorp, Inc. - Common Stock",nasdaq
GAIA,"Gaia, Inc. - Class A Common Stock",nasdaq
GAIN,Gladstone Investment Corporation - Business Development Company,nasdaq
GALT,Galectin Therapeutics Inc. - Common Stock,nasdaq
GAME,"GameSquare Holdings, Inc. - Common stock",nasdaq
GANX,"Gain Therapeutics, Inc. - Common Stock",nasdaq
GASS,"StealthGas, Inc. - common stock",nasdaq
GAUZ,Gauzy Ltd. - Ordinary Shares,nasdaq
GBDC,"Golub Capital BDC, Inc. - Closed End Fund",nasdaq
GBFH,GBank Financial Holdings Inc. - Common Stock,nasdaq
GBLI,"Global Indemnity Group, LLC - Class A Common Shares",nasdaq
GCBC,"Greene County Bancorp, Inc. - Common Stock",nasdaq
GCGR,General Catalyst Global Resilience Merger Corp. - Class A Ordinary Shares,nasdaq
GCL,GCL Global Holdings Ltd - Ordinary Shares,nasdaq
GCMG,GCM Grosvenor Inc. - Class A Common Stock,nasdaq
GCT,GigaCloud Technology Inc - Class A Ordinary Shares,nasdaq
GCTK,"GlucoTrack, Inc. - Common Stock",nasdaq
GD,General Dynamics,sp500
GDC,GD Culture Group Limited - Common Stock,nasdaq
GDDY,GoDaddy,sp500
GDEV,GDEV Inc. - Ordinary Shares,nasdaq
GDHG,Golden Heaven Group Holdings Ltd.  - Class A Ordinary Shares,nasdaq
GDRX,"GoodRx Holdings, Inc. - Class A Common Stock",nasdaq
GDTC,CytoMed Therapeutics Limited - Ordinary Shares,nasdaq
GDYN,"Grid Dynamics Holdings, Inc. - Class A Common Stock",nasdaq
GE,GE Aerospace,sp500
GECC,Great Elm Capital Corp. - Closed End Fund,nasdaq
GEG,"Great Elm Group, Inc.  - Common Stock",nasdaq
GEHC,GE HealthCare,sp500
GELS,Gelteq Limited - Ordinary Shares,nasdaq
GEMI,"Gemini Space Station, Inc. - Class A Common Stock",nasdaq
GEN,Gen Digital,sp500
GENB,"Generate Biomedicines, Inc. - Common Stock",nasdaq
GENK,"GEN Restaurant Group, Inc. - Class A Common Stock",nasdaq
GEOS,Geospace Technologies Corporation - Common Stock,nasdaq
GERN,Geron Corporation - Common Stock,nasdaq
GEV,GE Vernova,sp500
GEVO,"Gevo, Inc. - Common Stock",nasdaq
GFAI,"Guardforce AI Co., Limited - Ordinary Shares",nasdaq
GFS,GlobalFoundries Inc. - Ordinary Share,nasdaq
GFUZ,General Fusion Group Ltd. - Common Shares,nasdaq
GGR,Gogoro Inc. - Ordinary Shares,nasdaq
GGRP,"The Glimpse Group, Inc. - Common Stock",nasdaq
GH,"Guardant Health, Inc. - Common Stock",nasdaq
GHRS,GH Research PLC - Ordinary Shares,nasdaq
GIBO,GIBO Holdings Limited - Class A Ordinary Shares,nasdaq
GIFT,"Giftify, Inc. - Common Stock",nasdaq
GIGM,GigaMedia Limited - Ordinary Shares,nasdaq
GIII,"G-III Apparel Group, LTD. - Common Stock",nasdaq
GILD,Gilead Sciences,sp500
GILT,Gilat Satellite Networks Ltd. - Ordinary Shares,nasdaq
GIPR,Generation Income Properties Inc. - Common stock,nasdaq
GIS,General Mills,sp500
GITS,"Global Interactive Technologies, Inc. Common Stock - Common Stock",nasdaq
GIW,GigCapital8 Corp. - Class A Ordinary Shares,nasdaq
GIX,GigCapital9 Corp. - Class A Ordinary Share,nasdaq
GL,Globe Life,sp500
GLAD,Gladstone Capital Corporation - Closed End Fund,nasdaq
GLBE,Global-E Online Ltd. - ordinary shares,nasdaq
GLBS,Globus Maritime Limited - Common Stock,nasdaq
GLE,Global Engine Group Holding Limited - Class A Ordinary Shares,nasdaq
GLIBA,Liberty Capital Corporation - Series A GCI Group Common Stock,nasdaq
GLIBK,Liberty Capital Corporation - Series C GCI Group Common Stock,nasdaq
GLMD,Galmed Pharmaceuticals Ltd. - Ordinary Shares,nasdaq
GLND,Greenland Energy Company - Common Stock,nasdaq
GLNG,Golar LNG Limited - Common Shares,nasdaq
GLOO,"Gloo Holdings, Inc. - Common Stock",nasdaq
GLPI,"Gaming and Leisure Properties, Inc. - Common Stock",nasdaq
GLRE,"Greenlight Reinsurance, Ltd. - Class A Ordinary Shares",nasdaq
GLSI,"Greenwich LifeSciences, Inc. - Common stock",nasdaq
GLUE,"Monte Rosa Therapeutics, Inc. - Common Stock",nasdaq
GLW,Corning Inc.,sp500
GLXG,Galaxy Payroll Group Limited - Class A Ordinary Shares,nasdaq
GLXY,Galaxy Digital Inc. - Class A common stock,nasdaq
GM,General Motors,sp500
GMEX,GMEX ROBOTICS CORPORATION - Class A Ordinary Shares,nasdaq
GMHS,Gamehaus Holdings Inc. - Class A Ordinary Shares,nasdaq
GMM,Global Mofy AI Limited  - Class A Ordinary Shares,nasdaq
GNLN,"Greenlane Holdings, Inc. - Class A Common Stock",nasdaq
GNLX,Genelux Corporation - Common Stock,nasdaq
GNPX,"Genprex, Inc. - Common Stock",nasdaq
GNRC,Generac,sp500
GNSS,Genasys Inc. - Common Stock,nasdaq
GNTX,Gentex Corporation - Common Stock,nasdaq
GO,Grocery Outlet Holding Corp. - Common Stock,nasdaq
GOAI,Eva Live Inc. - Common Stock,nasdaq
GOGO,Gogo Inc. - Common Stock,nasdaq
GOOD,Gladstone Commercial Corporation - Real Estate Investment Trust,nasdaq
GOOG,Alphabet Inc. (Class C),sp500
GOOGL,Alphabet Inc. (Class A),sp500
GOSS,"Gossamer Bio, Inc. - Common Stock",nasdaq
GOVX,"GeoVax Labs, Inc. - Common Stock",nasdaq
GP,GreenPower Motor Company Inc. - Common Shares,nasdaq
GPAC,General Purpose Acquisition Corp. - Class A Ordinary Shares,nasdaq
GPAT,GP-Act III Acquisition Corp. - Class A Ordinary Share,nasdaq
GPC,Genuine Parts Company,sp500
GPN,Global Payments,sp500
GPRE,"Green Plains, Inc. - Common Stock",nasdaq
GPRO,"GoPro, Inc. - Class A Common Stock",nasdaq
GRAB,Grab Holdings Limited - Class A Ordinary Shares,nasdaq
GRAL,"GRAIL, Inc. - Common Stock",nasdaq
GRAN,Grande Group Limited - Class A Ordinary Shares,nasdaq
GRCE,"Grace Therapeutics, Inc. - Common Stock",nasdaq
GRDX,GridAI Technologies Corp.  - Common Stock,nasdaq
GRI,"GRI Bio, Inc. - Common Stock",nasdaq
GRML,Greenland Mines Ltd - Common Stock,nasdaq
GRMN,Garmin,sp500
GRNQ,Greenpro Capital Corp. - Common Stock,nasdaq
GROW,"U.S. Global Investors, Inc. - Class A Common Stock",nasdaq
GRPN,"Groupon, Inc. - Common Stock",nasdaq
GRRR,Gorilla Technology Group Inc. - Ordinary shares,nasdaq
GRSD,Grandstand Limited - Ordinary Shares,nasdaq
GRWG,GrowGeneration Corp. - Common Stock,nasdaq
GS,Goldman Sachs,sp500
GSAT,"Globalstar, Inc. - Common Stock",nasdaq
GSBC,"Great Southern Bancorp, Inc. - Common Stock",nasdaq
GSHD,"Goosehead Insurance, Inc. - Class A Common Stock",nasdaq
GSHR,Gesher Acquisition Corp. II - Class A Ordinary Shares,nasdaq
GSIT,"GSI Technology, Inc. - Common Stock",nasdaq
GSIW,Garden Stage Limited - Class A Ordinary Shares,nasdaq
GSM,Ferroglobe PLC - Ordinary Shares,nasdaq
GSRF,GSR IV Acquisition Corp. - Class A ordinary share,nasdaq
GSRV,GSR V Acquisition Corp. - Class A ordinary shares,nasdaq
GSUN,Golden Sun Technology Group Limited - Class A Ordinary Shares,nasdaq
GT,The Goodyear Tire & Rubber Company - Common Stock,nasdaq
GTBP,"GT Biopharma, Inc. - Common Stock",nasdaq
GTEC,Greenland Technologies Holding Corporation - Class A Ordinary Shares,nasdaq
GTEN,"Gores Holdings X, Inc. - Class A ordinary shares",nasdaq
GTERA,Globa Terra Acquisition Corporation - Class A Ordinary Shares,nasdaq
GTIM,Good Times Restaurants Inc. - Common Stock,nasdaq
GTLB,GitLab Inc. - Class A Common Stock,nasdaq
GTM,ZoomInfo Technologies Inc. - Common Stock,nasdaq
GTX,Garrett Motion Inc. - Common Stock,nasdaq
GUAC,Berto Acquisition Corp. II - Ordinary Shares,nasdaq
GURE,"Gulf Resources, Inc. - Common Stock",nasdaq
GUTS,"Fractyl Health, Inc. - Common Stock",nasdaq
GVH,Globavend Holdings Limited - Ord Shares,nasdaq
GWAV,"Greenwave Technology Solutions, Inc. - Common Stock",nasdaq
GWRS,"Global Water Resources, Inc. - common stock",nasdaq
GWW,W. W. Grainger,sp500
GXAI,Gaxos.ai Inc. - Common Stock,nasdaq
GYGY,"Game Your Game, Inc. - Common Stock",nasdaq
GYRE,"Gyre Therapeutics, Inc. - Common Stock",nasdaq
GYRO,"Gyrodyne , LLC - Common Stock",nasdaq
HACQ,HCM IV Acquisition Corp. - Class A Ordinary Share,nasdaq
HAFC,Hanmi Financial Corporation - Common Stock,nasdaq
HAIN,"The Hain Celestial Group, Inc. - Common Stock",nasdaq
HAL,Halliburton,sp500
HALO,"Halozyme Therapeutics, Inc. - Common Stock",nasdaq
HAO,Haoxi Health Technology Limited - Class A Ord Share,nasdaq
HAPN,"Happen, Inc. - Common Stock",nasdaq
HAS,Hasbro,sp500
HAVA,Harvard Ave Acquisition Corporation - Class A Ordinary Share,nasdaq
HBAN,Huntington Bancshares,sp500
HBCP,"Home Bancorp, Inc. - Common Stock",nasdaq
HBIO,"Harvard Bioscience, Inc. - Common Stock",nasdaq
HBNB,Hotel101 Global Holdings Corp. - Class A Ordinary Shares,nasdaq
HBNC,"Horizon Bancorp, Inc. - Common Stock",nasdaq
HBT,"HBT Financial, Inc. - Common Stock",nasdaq
HCA,HCA Healthcare,sp500
HCAC,Hall Chadwick Acquisition Corp. - Class A Ordinary Shares,nasdaq
HCAI,"Huachen AI Parking Management Technology Holding Co., Ltd. - Class A Ordinary Shares",nasdaq
HCAT,"Health Catalyst, Inc - Common stock",nasdaq
HCHL,Happy City Holdings Limited - Class A Ordinary shares,nasdaq
HCIC,Hennessy Capital Investment Corp. VIII - Class A Ordinary Shares,nasdaq
HCKT,"The Hackett Group, Inc. - Common Stock",nasdaq
HCMA,HCM III Acquisition Corp. - Class A Ordinary Share,nasdaq
HCSG,"Healthcare Services Group, Inc. - Common Stock",nasdaq
HCTI,"Healthcare Triangle, Inc. - Common Stock",nasdaq
HCWB,HCW Biologics Inc. - Common Stock,nasdaq
HD,Home Depot (The),sp500
HDRN,"Hadron Energy, Inc. - Common Stock",nasdaq
HDSN,"Hudson Technologies, Inc. - Common Stock",nasdaq
HELE,Helen of Troy Limited - Common Stock,nasdaq
HELP,Cybin Inc. - Common Stock,nasdaq
HERZ,"Herzfeld Credit Income Fund, Inc.  - Closed End Fund",nasdaq
HFBL,"Home Federal Bancorp, Inc. of Louisiana - Common Stock",nasdaq
HFFG,HF Foods Group Inc. - Common Stock,nasdaq
HFWA,Heritage Financial Corporation - Common Stock,nasdaq
HGBL,Heritage Global Inc. - Common Stock,nasdaq
HHS,"Harte Hanks, Inc. - Common Stock",nasdaq
HIFS,Hingham Institution for Savings - Common Stock,nasdaq
HIG,Hartford (The),sp500
HIHO,Highway Holdings Limited - Common Stock,nasdaq
HII,Huntington Ingalls Industries,sp500
HIND,"Vyome Holdings, Inc. - Common Stock",nasdaq
HIT,"Health In Tech, Inc. - Class A Common Stock",nasdaq
HITI,High Tide Inc. - Common Shares,nasdaq
HIVE,HIVE Digital Technologies Ltd - Common Shares,nasdaq
HKIT,Hitek Global Inc. - Class A Ordinary Share,nasdaq
HKPD,"Cellyan Biotechnology Co., Ltd  - Class A Ordinary Shares",nasdaq
HLIT,Harmonic Inc. - Common Stock,nasdaq
HLMN,Hillman Solutions Corp. - Common Stock,nasdaq
HLNE,Hamilton Lane Incorporated - Class A Common Stock,nasdaq
HLP,Hongli Group Inc. - Class A Ordinary Shares,nasdaq
HLT,Hilton Worldwide,sp500
HLXC,Helix Acquisition Corp. III - Class A Ordinary Shares,nasdaq
HMH,HMH Holding Inc. - Common Stock,nasdaq
HMR,Heidmar Maritime Holdings Corp. - Common Stock,nasdaq
HNNA,"Hennessy Advisors, Inc. - Common Stock",nasdaq
HNRG,Hallador Energy Company - Common Stock,nasdaq
HNST,"The Honest Company, Inc. - Common Stock",nasdaq
HNVR,"Hanover Bancorp, Inc. - Common Stock",nasdaq
HODO,House of Doge Inc. - Common Stock,nasdaq
HOFT,Hooker Furnishings Corporation - Common Stock,nasdaq
HOLO,MicroCloud Hologram Inc. - Ordinary Shares,nasdaq
HON,Honeywell Technologies,sp500
HONA,Honeywell Aerospace,sp500
HOOD,Robinhood Markets,sp500
HOPE,"Hope Bancorp, Inc. - Common Stock",nasdaq
HOUR,"Hour Loop, Inc. - common stock",nasdaq
HOVR,New Horizon Aircraft Ltd. - Class A Ordinary Shares,nasdaq
HOWL,"Werewolf Therapeutics, Inc. - Common Stock",nasdaq
HPAI,Helport AI Limited - Ordinary Shares,nasdaq
HPE,Hewlett Packard Enterprise,sp500
HPK,"HighPeak Energy, Inc. - Common Stock",nasdaq
HPQ,HP Inc.,sp500
HQ,Horizon Quantum Holdings Ltd. - Class A Ordinary Shares,nasdaq
HQI,"HireQuest, Inc. - Common Stock",nasdaq
HQY,"HealthEquity, Inc. - Common Stock",nasdaq
HRL,Hormel Foods,sp500
HRMY,"Harmony Biosciences Holdings, Inc. - Common Stock",nasdaq
HROW,"Harrow, Inc. - Common Stock",nasdaq
HRTX,"Heron Therapeutics, Inc.   - Common Stock",nasdaq
HRZN,Horizon Technology Finance Corporation - Common Stock,nasdaq
HSCS,HeartSciences Inc. - Common Stock,nasdaq
HSDT,Solana Company - Class A Common Stock,nasdaq
HSIC,Henry Schein,sp500
HST,Host Hotels & Resorts,sp500
HSTM,"HealthStream, Inc. - Common Stock",nasdaq
HSY,Hershey Company (The),sp500
HTCO,High-Trend International Group - Class A Ordinary Shares,nasdaq
HTCR,"Heartcore Enterprises, Inc. - Common Stock",nasdaq
HTFL,"Heartflow, Inc. - Common Stock",nasdaq
HTLD,"Heartland Express, Inc. - Common Stock",nasdaq
HTLM,HomesToLife Ltd - Ordinary Shares,nasdaq
HTO,H2O America  - Common Stock,nasdaq
HTOO,Fusion Fuel Green PLC - Ordinary Shares,nasdaq
HTZ,"Hertz Global Holdings, Inc - Common Stock",nasdaq
HUBB,Hubbell Incorporated,sp500
HUBC,Hub Cyber Security Ltd. - Ordinary Shares,nasdaq
HUBG,"Hub Group, Inc. - Class A Common Stock",nasdaq
HUDI,"Huadi International Group Co., Ltd. - Ordinary Shares",nasdaq
HUHU,HUHUTECH International Group Inc. - Ordinary Shares,nasdaq
HUM,Humana,sp500
HUMA,"Humacyte, Inc. - Common Stock",nasdaq
HURA,"TuHURA Biosciences, Inc. - Common Stock",nasdaq
HURC,"Hurco Companies, Inc. - Common Stock",nasdaq
HURN,Huron Consulting Group Inc. - Common Stock,nasdaq
HUT,Hut 8 Corp. - Common Stock,nasdaq
HVII,Hennessy Capital Investment Corp. VII - Ordinary Shares,nasdaq
HVMC,Highview Merger Corp. - Class A Ordinary Share,nasdaq
HWBK,"Hawthorn Bancshares, Inc. - Common Stock",nasdaq
HWC,Hancock Whitney Corporation - Common Stock,nasdaq
HWH,HWH International Inc. - Common Stock,nasdaq
HWKN,"Hawkins, Inc. - Common Stock",nasdaq
HWM,Howmet Aerospace,sp500
HXHX,Haoxin Holdings Limited - Class A Ordinary Shares,nasdaq
HYFM,"Hydrofarm Holdings Group, Inc. - Common Stock",nasdaq
HYFT,MindWalk Holdings Corp. - Common Stock,nasdaq
HYMC,Hycroft Mining Holding Corporation - Class A Common Stock,nasdaq
HYNE,"Hoyne Bancorp, Inc. - Common Stock",nasdaq
HYPD,"Hyperion DeFi, Inc. - Common Stock",nasdaq
HYPR,"Hyperfine, Inc.  - Class A Common Stock",nasdaq
IACO,Idea Acquisition Corp. - Class A Ordinary Shares,nasdaq
IACQ,Irenic Acquisition Corp. - Class A Ordinary Shares,nasdaq
IART,Integra LifeSciences Holdings Corporation - Common Stock,nasdaq
IBAC,IB Acquisition Corp. - Common Stock,nasdaq
IBCP,Independent Bank Corporation - Common Stock,nasdaq
IBEX,IBEX Limited - Common Share,nasdaq
IBG,Innovation Beverage Group Limited - Ordinary Shares,nasdaq
IBIO,"iBio, Inc. - Common Stock",nasdaq
IBKR,Interactive Brokers,sp500
IBM,IBM,sp500
IBOC,International Bancshares Corporation - Common Stock,nasdaq
IBRX,"ImmunityBio, Inc. - Common Stock",nasdaq
ICCC,ImmuCell Corporation - Common Stock,nasdaq
ICCM,IceCure Medical Ltd. - Ordinary Shares,nasdaq
ICE,Intercontinental Exchange,sp500
ICFI,"ICF International, Inc. - Common Stock",nasdaq
ICHR,Ichor Holdings - Ordinary Shares,nasdaq
ICLR,ICON plc - Ordinary Shares,nasdaq
ICMB,"Investcorp Credit Management BDC, Inc. - Common Stock",nasdaq
ICON,Icon Energy Corp. - Common stock,nasdaq
ICU,SeaStar Medical Holding Corporation - Common Stock,nasdaq
ICUI,"ICU Medical, Inc. - Common Stock",nasdaq
IDAC,Iron Dome Acquisition I Corp. - Class A Ordinary Shares,nasdaq
IDAI,T Stamp Inc. - Class A Common Stock,nasdaq
IDCC,"InterDigital, Inc. - Common Stock",nasdaq
IDN,"Intellicheck, Inc. - Common Stock",nasdaq
IDXX,Idexx Laboratories,sp500
IDYA,"IDEAYA Biosciences, Inc. - Common Stock",nasdaq
IEAG,Infinite Eagle Acquisition Corp. - Class A Ordinary Shares,nasdaq
IESC,"IES Holdings, Inc. - Common Stock",nasdaq
IEX,IDEX Corporation,sp500
IFBD,"Infobird Co., Ltd - Ordinary Shares",nasdaq
IFF,International Flavors & Fragrances,sp500
IFRX,InflaRx N.V. - Common Stock,nasdaq
IGAC,Invest Green Acquisition Corporation - Class A Ordinary Shares,nasdaq
IGIC,International General Insurance Holdings Ltd. - Ordinary Shares,nasdaq
IHRT,"iHeartMedia, Inc. - Class A Common Stock",nasdaq
III,"Information Services Group, Inc. - Common Stock",nasdaq
IIIV,"i3 Verticals, Inc. - Common Stock",nasdaq
IKT,"Inhibikase Therapeutics, Inc. - Common Stock",nasdaq
ILAG,Intelligent Living Application Group Inc. - Ordinary Shares,nasdaq
ILLR,Triller Group Inc. - Common Stock,nasdaq
ILLU,Illumination Acquisition Corp I - Class A Ordinary Shares,nasdaq
ILMN,"Illumina, Inc. - Common Stock",nasdaq
ILPT,Industrial Logistics Properties Trust - Common Shares of Beneficial Interest,nasdaq
IMA,"ImageneBio, Inc. - Common Stock",nasdaq
IMCC,IM Cannabis Corp. - Common Shares,nasdaq
IMDX,Insight Molecular Diagnostics Inc. - Common Stock,nasdaq
IMKTA,"Ingles Markets, Incorporated - Class A Common Stock",nasdaq
IMMR,Immersion Corporation - Common Stock,nasdaq
IMMX,"Immix Biopharma, Inc. - Common Stock",nasdaq
IMNM,"Immunome, Inc. - Common Stock",nasdaq
IMNN,"Imunon, Inc. - Common Stock",nasdaq
IMPP,Imperial Petroleum Inc. - Common Shares,nasdaq
IMRX,Immuneering Corporation - Class A Common Stock,nasdaq
IMSR,Terrestrial Energy Inc. - Common Stock,nasdaq
IMTE,Integrated Media Technology Limited - Ordinary Shares,nasdaq
IMTX,Immatics N.V. - Ordinary Shares,nasdaq
IMUX,"Immunic, Inc.  - Common Stock",nasdaq
IMVT,"Immunovant, Inc.  - Common Stock",nasdaq
IMXI,"International Money Express, Inc. - Common Stock",nasdaq
INAB,"IN8bio, Inc. - Common Stock",nasdaq
INAC,Indigo Acquisition Corp. - Ordinary Shares,nasdaq
INBK,First Internet Bancorp - Common Stock,nasdaq
INBS,Intelligent Bio Solutions Inc.  - Common Stock,nasdaq
INBX,"Inhibrx Biosciences, Inc. - Common Stock",nasdaq
INCR,Intercure Ltd. - ordinary shares,nasdaq
INCY,Incyte,sp500
INDB,Independent Bank Corp. - Common Stock,nasdaq
INDI,"indie Semiconductor, Inc. - Class A Common Stock",nasdaq
INDP,"Indaptus Therapeutics, Inc. - Common Stock",nasdaq
INDV,"Indivior Pharmaceuticals, Inc.  - Common Stock",nasdaq
INEO,INNEOVA Holdings Limited - Class A Ordinary Shares,nasdaq
INGN,"Inogen, Inc - Common Stock",nasdaq
INHD,Inno Holdings Inc. - Common Stock,nasdaq
INIO,INNIO N.V. - Ordinary Shares,nasdaq
INKT,"MiNK Therapeutics, Inc. - Common Stock",nasdaq
INLF,INLIF LIMITED - Class A Ordinary shares,nasdaq
INM,InMed Pharmaceuticals Inc. - Common Shares,nasdaq
INMB,INmune Bio Inc. - Common stock,nasdaq
INMD,InMode Ltd.  - Ordinary Shares,nasdaq
INNV,InnovAge Holding Corp. - Common Stock,nasdaq
INO,"Inovio Pharmaceuticals, Inc. - Common Stock",nasdaq
INOD,Innodata Inc. - Common Stock,nasdaq
INSE,"Inspired Entertainment, Inc. - Common Stock",nasdaq
INSG,Inseego Corp. - Common Stock,nasdaq
INSM,Insmed Incorporated - Common Stock,nasdaq
INTA,"Intapp, Inc. - Common Stock",nasdaq
INTC,Intel,sp500
INTG,The Intergroup Corporation - Common Stock,nasdaq
INTJ,Intelligent Group Limited - Class A Ordinary Shares,nasdaq
INTR,Inter & Co. Inc. - Class A Common Shares,nasdaq
INTS,"Intensity Therapeutics, Inc. - Common Stock",nasdaq
INTU,Intuit,sp500
INTZ,Intrusion Inc. - Common Stock,nasdaq
INV,"Innventure, Inc. - Common Stock",nasdaq
INVA,"Innoviva, Inc. - Common Stock",nasdaq
INVE,"Identiv, Inc. - Common Stock",nasdaq
INVH,Invitation Homes,sp500
INVZ,Innoviz Technologies Ltd. - Ordinary shares,nasdaq
IOND,Ionic Digital Inc. - Class A Common Stock,nasdaq
IONS,"Ionis Pharmaceuticals, Inc. - Common Stock",nasdaq
IOSP,Innospec Inc. - Common Stock,nasdaq
IOTR,iOThree Limited - Ordinary Shares,nasdaq
IOVA,"Iovance Biotherapeutics, Inc. - Common Stock",nasdaq
IP,International Paper,sp500
IPAR,"Interparfums, Inc. - Common Stock",nasdaq
IPCX,Inflection Point Acquisition Corp. III - Class A ordinary shares,nasdaq
IPDN,"Professional Diversity Network, Inc. - Common Stock",nasdaq
IPEX,Inflection Point Acquisition Corp. - Class A Ordinary Shares,nasdaq
IPFX,Inflection Point Acquisition Corp. VI - Class A Ordinary Shares,nasdaq
IPGP,IPG Photonics Corporation - Common Stock,nasdaq
IPM,Intelligent Protection Management Corp.  - Common Stock,nasdaq
IPSC,"Century Therapeutics, Inc. - Common Stock",nasdaq
IPST,"IP Strategy Holdings, Inc. - Common Stock",nasdaq
IPVV,"InterPrivate Investment Partners V, Inc. - Class A Ordinary Shares",nasdaq
IPW,iPower Inc. - Common Stock,nasdaq
IPWR,Ideal Power Inc. - Common Stock,nasdaq
IQST,iQSTEL Inc. - Common Stock,nasdaq
IQV,IQVIA,sp500
IR,Ingersoll Rand,sp500
IRD,"Opus Genetics, Inc. - Common Stock",nasdaq
IRDM,Iridium Communications Inc - Common Stock,nasdaq
IREN,IREN Limited - Ordinary Shares,nasdaq
IRHO,Iron Horse Acquisitions II Corp. - Common Stock,nasdaq
IRIX,IRIDEX Corporation - Common Stock,nasdaq
IRM,Iron Mountain,sp500
IRMD,iRadimed Corporation - Common Stock,nasdaq
IRON,"Disc Medicine, Inc. - Common Stock",nasdaq
IRTC,"iRhythm Holdings, Inc.  - Common Stock",nasdaq
IRWD,"Ironwood Pharmaceuticals, Inc. - Class A Common Stock",nasdaq
ISBA,Isabella Bank Corporation - Common stock,nasdaq
ISNR,Snow Rothschild Acquisition Corp. - Class A Ordinary Shares,nasdaq
ISPC,iSpecimen Inc. - Common Stock,nasdaq
ISPR,Ispire Technology Inc. - Common Stock,nasdaq
ISRG,Intuitive Surgical,sp500
ISSC,"Innovative Solutions and Support, Inc. - Common Stock",nasdaq
ISTR,Investar Holding Corporation - Common Stock,nasdaq
IT,Gartner,sp500
ITG,"ITG, Inc. - Class A Common Stock",nasdaq
ITHA,ITHAX Acquisition Corp III - Class A Ordinary Shares,nasdaq
ITIC,Investors Title Company - Common Stock,nasdaq
ITOC,iTonic Holdings Ltd - Class A Ordinary Shares,nasdaq
ITRI,"Itron, Inc. - Common Stock",nasdaq
ITRN,Ituran Location and Control Ltd. - Ordinary Shares,nasdaq
ITW,Illinois Tool Works,sp500
IVA,Inventiva S.A. - American Depository Shares,nasdaq
IVDA,"Iveda Solutions, Inc. - Common Stock",nasdaq
IVF,"INVO Fertility, Inc. - Common Stock",nasdaq
IVVD,"Invivyd, Inc. - Common Stock",nasdaq
IVZ,Invesco,sp500
IXHL,Incannex Healthcare Inc. - Common Stock,nasdaq
IZEA,"IZEA Worldwide, Inc. - Common Stock",nasdaq
IZM,ICZOOM Group Inc. - Class A Ordinary Shares,nasdaq
J,Jacobs Solutions,sp500
JACK,Jack In The Box Inc. - Common Stock,nasdaq
JAGX,"Jaguar Health, Inc. - Common Stock",nasdaq
JAKK,"JAKKS Pacific, Inc. - Common Stock",nasdaq
JANX,"Janux Therapeutics, Inc. - Common Stock",nasdaq
JATT,JATT II Acquisition Corp - Ordinary Shares,nasdaq
JAZZ,Jazz Pharmaceuticals plc - Ordinary Shares,nasdaq
JBDI,JBDI Holdings Limited - Ordinary Shares,nasdaq
JBHT,J.B. Hunt,sp500
JBIO,"Jade Biosciences, Inc. - Common Stock",nasdaq
JBL,Jabil,sp500
JBLU,JetBlue Airways Corporation - Common Stock,nasdaq
JBSS,"John B. Sanfilippo & Son, Inc. - Common Stock",nasdaq
JCAP,"Jefferson Capital, Inc. - Common Stock",nasdaq
JCI,Johnson Controls,sp500
JCSE,JE Cleantech Holdings Limited - Ordinary Shares,nasdaq
JCTC,Jewett-Cameron Trading Company - Common Shares,nasdaq
JDZG,JIADE LIMITED - Class A Ordinary Shares,nasdaq
JEM,707 Cayman Holdings Limited - Ordinary Shares,nasdaq
JFB,JFB Construction Holdings - Class A Common Stock,nasdaq
JJSF,J & J Snack Foods Corp. - Common Stock,nasdaq
JKHY,Jack Henry & Associates,sp500
JL,J-Long Group Limited - Class A Ordinary Shares,nasdaq
JLHL,Julong Holding Limited - Class A Ordinary Shares,nasdaq
JMSB,"John Marshall Bancorp, Inc. - Common Stock",nasdaq
JNJ,Johnson & Johnson,sp500
JOUT,Johnson Outdoors Inc. - Class A Common Stock,nasdaq
JPM,JPMorgan Chase,sp500
JRSH,"Jerash Holdings (US), Inc. - Common Stock",nasdaq
JRVR,"James River Group Holdings, Inc. - Common Stock",nasdaq
JSPR,"Jasper Therapeutics, Inc. - Class A Common Stock",nasdaq
JTAI,Jet.AI Inc. - Common Stock,nasdaq
JUNS,"Jupiter Neurosciences, Inc. - Common Stock",nasdaq
JVA,"Coffee Holding Co., Inc. - Common Stock",nasdaq
JWEL,Jowell Global Ltd. - Ordinary Shares,nasdaq
JXG,JX Luxventure Group Inc. - Common Stock,nasdaq
JYD,Jayud Global Logistics Limited - Class A Ordinary Shares,nasdaq
JYNT,The Joint Corp. - Common Stock,nasdaq
JZXN,"Jiuzi Holdings, Inc. - Ordinary Shares",nasdaq
KALA,"KALA BIO, Inc. - Common Stock",nasdaq
KALU,Kaiser Aluminum Corporation - Common Stock,nasdaq
KARD,"Kardigan, Inc. - Common Stock",nasdaq
KARO,Karooooo Ltd. - Ordinary shares,nasdaq
KAZR,Skyline Builders Group Holding Limited - Class A Ordinary Shares,nasdaq
KBON,Karbon Capital Partners Corp. - Class A Ordinary Shares,nasdaq
KBSX,FST Corp. - Ordinary Shares,nasdaq
KCHV,Kochav Defense Acquisition Corp. - Class A Ordinary Shares,nasdaq
KDK,"Kodiak AI, Inc. - Common Stock",nasdaq
KDP,Keurig Dr Pepper,sp500
KE,"Kimball Electronics, Inc. - Common Stock",nasdaq
KEEL,Keel Infrastructure Corp. - Common Stock,nasdaq
KELYA,"Kelly Services, Inc. - Class A Common Stock",nasdaq
KELYB,"Kelly Services, Inc. - Class B Common Stock",nasdaq
KEQU,Kewaunee Scientific Corporation - Common Stock,nasdaq
KEY,KeyCorp,sp500
KEYS,Keysight Technologies,sp500
KEYY,Keystone Acquisition Corp. - Class A Ordinary Shares,nasdaq
KFFB,Kentucky First Federal Bancorp - Common Stock,nasdaq
KFII,K&F Growth Acquisition Corp. II - Class A Ordinary shares,nasdaq
KG,"Kestrel Group, Ltd. - Common Stock",nasdaq
KGEI,Kolibri Global Energy Inc. - Common stock,nasdaq
KHC,Kraft Heinz,sp500
KIDS,OrthoPediatrics Corp. - Common Stock,nasdaq
KIDZ,KIDZ AI Inc. - Class B Common Stock,nasdaq
KIM,Kimco Realty,sp500
KINS,"Kingstone Companies, Inc - Common Stock",nasdaq
KITT,"Nauticus Robotics, Inc. - Common stock",nasdaq
KKR,KKR & Co.,sp500
KLAC,KLA Corporation,sp500
KLIC,"Kulicke and Soffa Industries, Inc. - Common Stock",nasdaq
KLRA,"Kailera Therapeutics, Inc. - Common stock",nasdaq
KLRS,"Kalaris Therapeutics, Inc.  - Common Stock",nasdaq
KLTR,"Kaltura, Inc. - Common Stock",nasdaq
KLXE,"KLX Energy Services Holdings, Inc.  - Common Stock",nasdaq
KMB,Kimberly-Clark,sp500
KMDA,Kamada Ltd. - Ordinary Shares,nasdaq
KMI,Kinder Morgan,sp500
KMRK,K-Tech Solutions Company Limited - Class A Ordinary Shares,nasdaq
KMTS,"Kestra Medical Technologies, Ltd. - Common Stock",nasdaq
KNDI,"Kandi Technologies Group, Inc. - Ordinary Shares",nasdaq
KNSA,"Kiniksa Pharmaceuticals International, plc - Class A Ordinary Shares",nasdaq
KO,Coca-Cola Company (The),sp500
KOD,Kodiak Sciences Inc - Common Stock,nasdaq
KOPN,Kopin Corporation - Common Stock,nasdaq
KOSS,Koss Corporation - Common Stock,nasdaq
KOYN,CSLM Digital Asset Acquisition Corp III - Class A Ordinary Shares,nasdaq
KPLT,"Katapult Holdings, Inc. - Common Stock",nasdaq
KPRX,"Kiora Pharmaceuticals, Inc.  - Common Stock",nasdaq
KPTI,Karyopharm Therapeutics Inc. - Common Stock,nasdaq
KR,Kroger,sp500
KRAQ,KRAKacquisition Corp - Class A Ordinary Shares,nasdaq
KRMD,"KORU Medical Systems, Inc. - Common Stock",nasdaq
KRNT,Kornit Digital Ltd. - Ordinary Shares,nasdaq
KRNY,Kearny Financial - Common Stock,nasdaq
KROS,"Keros Therapeutics, Inc. - common stock",nasdaq
KRRO,"Korro Bio, Inc. - Common Stock",nasdaq
KRT,Karat Packaging Inc. - Common Stock,nasdaq
KRUS,"Kura Sushi USA, Inc. - Class A Common Stock",nasdaq
KRYS,"Krystal Biotech, Inc. - Common Stock",nasdaq
KSCP,"Knightscope, Inc. - Class A Common Stock",nasdaq
KSPI,Joint Stock Company Kaspi.kz - American Depository Shares,nasdaq
KTCC,Key Tronic Corporation - Common Stock,nasdaq
KTOS,"Kratos Defense & Security Solutions, Inc. - Common Stock",nasdaq
KTTA,Pasithea Therapeutics Corp. - Common Stock,nasdaq
KTWO,K2 Capital Acquisition Corporation - Class A Ordinary Share,nasdaq
KURA,"Kura Oncology, Inc. - Common Stock",nasdaq
KUST,"Kustom Entertainment, Inc. - Common Stock",nasdaq
KVAC,Keen Vision Acquisition Corporation - Ordinary Shares,nasdaq
KVHI,"KVH Industries, Inc. - Common Stock",nasdaq
KVUE,Kenvue,sp500
KWM,"K Wave Media, Ltd. - Ordinary Shares",nasdaq
KXIN,Kaixin Holdings - Ordinary Shares,nasdaq
KYIV,Kyivstar Group Ltd. - Common Shares,nasdaq
KYMR,"Kymera Therapeutics, Inc. - Common Stock",nasdaq
KYNB,"Kyntra Bio, Inc. - Common Stock",nasdaq
KYTX,"Kyverna Therapeutics, Inc. - Common Stock",nasdaq
L,Loews Corporation,sp500
LAB,Standard BioTools Inc. - Common Stock,nasdaq
LABT,Lakewood-Amedex Biotherapeutics Inc. - Common Stock,nasdaq
LAES,SEALSQ Corp - Ordinary Shares,nasdaq
LAFA,LaFayette Acquisition Corp. - Ordinary Share,nasdaq
LAKE,"Lakeland Industries, Inc. - Common Stock",nasdaq
LAMR,Lamar Advertising Company - Class A Common Stock,nasdaq
LAND,Gladstone Land Corporation - Common Stock,nasdaq
LARK,Landmark Bancorp Inc. - Common Stock,nasdaq
LASE,Laser Photonics Corporation - Common Stock,nasdaq
LASR,"nLIGHT, Inc. - Common Stock",nasdaq
LATA,Galata Acquisition Corp. II - Class A Ordinary Shares,nasdaq
LAUR,"Laureate Education, Inc. - Common Stock",nasdaq
LAWR,"Robot Consulting Co., Ltd. - ADS",nasdaq
LBGJ,Li Bang International Corporation Inc. - Class A Ordinary Shares,nasdaq
LBRDA,Liberty Broadband Corporation - Class A Common Stock,nasdaq
LBRDK,Liberty Broadband Corporation - Class C Common Stock,nasdaq
LBRX,LB Pharmaceuticals Inc - Common Stock,nasdaq
LBTYA,Liberty Global Ltd. - Class A Common Shares,nasdaq
LBTYB,Liberty Global Ltd. - Class B Common Shares,nasdaq
LBTYK,Liberty Global Ltd. - Class C Common Shares,nasdaq
LCCC,Lakeshore Acquisition III Corp. - Ordinary Shares,nasdaq
LCFY,Locafy Limited - Ordinary Share,nasdaq
LCID,"Lucid Group, Inc. - Common Stock",nasdaq
LCNB,LCNB Corporation - Common Stock,nasdaq
LCUT,"Lifetime Brands, Inc. - Common Stock",nasdaq
LDOS,Leidos,sp500
LE,"Lands' End, Inc. - Common Stock",nasdaq
LECO,"Lincoln Electric Holdings, Inc. - Common Shares",nasdaq
LEDS,SemiLEDS Corporation - Common Stock,nasdaq
LEE,"Lee Enterprises, Incorporated - Common Stock",nasdaq
LEGH,Legacy Housing Corporation - Common Stock,nasdaq
LEN,Lennar,sp500
LENZ,"LENZ Therapeutics, Inc. - Common Stock",nasdaq
LESL,"Leslie's, Inc. - Common Stock",nasdaq
LEXX,Lexaria Bioscience Corp. - Common Stock,nasdaq
LFAC,Leapfrog Acquisition Corporation - Class A Ordinary Shares,nasdaq
LFCR,"Lifecore Biomedical, Inc. - Common Stock",nasdaq
LFMD,"LifeMD, Inc. - Common Stock",nasdaq
LFST,"LifeStance Health Group, Inc. - Common Stock",nasdaq
LFTO,"Liftoff Mobile, Inc. - Common Stock",nasdaq
LFUS,"Littelfuse, Inc. - Common Stock",nasdaq
LFVN,Lifevantage Corporation - Common Stock,nasdaq
LFWD,Lifeward Ltd. - Ordinary Shares,nasdaq
LGCL,Lucas GC Limited - Class A Ordinary Shares,nasdaq
LGIH,"LGI Homes, Inc. - Common Stock",nasdaq
LGN,Legence Corp. - Class A Common stock,nasdaq
LGND,Ligand Pharmaceuticals Incorporated - Common Stock,nasdaq
LGO,Largo Inc. - Common Shares,nasdaq
LGVN,Longeveron Inc. - Class A Common stock,nasdaq
LH,Labcorp,sp500
LHAI,Linkhome Holdings Inc. - Common stock,nasdaq
LHSW,Lianhe Sowell International Group Ltd - Class A Ordinary Shares,nasdaq
LHX,L3Harris,sp500
LICN,Lichen International Limited - Class A Ordinary Shares,nasdaq
LIDR,"AEye, Inc. - Class A Common Stock",nasdaq
LIEN,"Chicago Atlantic BDC, Inc. - Common Stock",nasdaq
LIF,"Life360, Inc. - Common Stock",nasdaq
LIFE,Ethos Technologies Inc. - Class A Common Stock,nasdaq
LII,Lennox International,sp500
LILA,Liberty Latin America Ltd. - Class A Common Stock,nasdaq
LILAK,Liberty Latin America Ltd. - Class C Common Stock,nasdaq
LILAP,Liberty Latin America Ltd. - 9.0% Fixed Rate Cumulative Perpetual Redeemable Series A Preference Shares,nasdaq
LIME,"Neutron Holdings, Inc. - Common Stock",nasdaq
LIMN,"Liminatus Pharma, Inc. - Class A Common Stock",nasdaq
LIN,Linde plc,sp500
LINC,Lincoln Educational Services Corporation - Common Stock,nasdaq
LIND,Lindblad Expeditions Holdings Inc.  - Common Stock,nasdaq
LINE,"Lineage, Inc. - Common Stock",nasdaq
LINK,"Interlink Electronics, Inc. - Common Stock",nasdaq
LIQT,"LiqTech International, Inc. - Common Stock",nasdaq
LITE,Lumentum,sp500
LITS,"Lite Strategy, Inc. - Common Stock",nasdaq
LIVE,Live Ventures Incorporated - Common Stock,nasdaq
LIVN,LivaNova PLC - Ordinary Shares,nasdaq
LKFN,Lakeland Financial Corporation - Common Stock,nasdaq
LKQ,LKQ Corporation - Common Stock,nasdaq
LKSP,Lake Superior Acquisition Corp. - Class A Ordinary Shares,nasdaq
LLY,Lilly (Eli),sp500
LLYVA,"Liberty Live Holdings, Inc. - Series A Liberty Live Group Common Stock",nasdaq
LLYVK,"Liberty Live Holdings, Inc. - Series C Liberty Live Group Common Stock",nasdaq
LMAT,"LeMaitre Vascular, Inc. - Common Stock",nasdaq
LMB,"Limbach Holdings, Inc. - Common Stock",nasdaq
LMNR,Limoneira Co - Common Stock,nasdaq
LMRI,"Lumexa Imaging Holdings, Inc. - Common Stock",nasdaq
LMT,Lockheed Martin,sp500
LNAI,Lunai Bioworks Inc. - Common Stock,nasdaq
LNKS,Linkers Industries Limited - Class A Ordinary Shares,nasdaq
LNSR,"LENSAR, Inc. - Common Stock",nasdaq
LNT,Alliant Energy,sp500
LNTH,"Lantheus Holdings, Inc. - Common Stock",nasdaq
LNZA,"LanzaTech Global, Inc. - Common Stock",nasdaq
LOAN,"Manhattan Bridge Capital, Inc - Common Stock",nasdaq
LOBO,LOBO TECHNOLOGIES LTD. - Class A Ordinary Shares,nasdaq
LOCO,"El Pollo Loco Holdings, Inc. - Common Stock",nasdaq
LOGI,Logitech International S.A. - Registered Shares,nasdaq
LONA,"LeonaBio, Inc. - Common Stock",nasdaq
LOOP,"Loop Industries, Inc. - Common Stock",nasdaq
LOPE,"Grand Canyon Education, Inc. - Common Stock",nasdaq
LOVE,The Lovesac Company - Common Stock,nasdaq
LOW,Lowe's,sp500
LPAA,Launch One Acquisition Corp. - Class A Ordinary Shares,nasdaq
LPBB,Launch Two Acquisition Corp. - Class A Ordinary Shares,nasdaq
LPCN,Lipocine Inc. - Common Stock,nasdaq
LPCV,Launchpad Cadenza Acquisition Corp I - Class A Ordinary Share,nasdaq
LPLA,LPL Financial Holdings Inc. - Common Stock,nasdaq
LPSN,"LivePerson, Inc. - Common Stock",nasdaq
LPTH,"LightPath Technologies, Inc. - Class A Common Stock",nasdaq
LQDA,Liquidia Corporation - Common Stock,nasdaq
LQDT,"Liquidity Services, Inc. - Common Stock",nasdaq
LRCX,Lam Research,sp500
LRHC,La Rosa Holdings Corp. - Common Stock,nasdaq
LRMR,"Larimar Therapeutics, Inc. - Common Stock",nasdaq
LSAK,"Lesaka Technologies, Inc. - Common Stock",nasdaq
LSBK,"Lake Shore Bancorp, Inc. - Common Stock",nasdaq
LSCC,Lattice Semiconductor Corporation - Common Stock,nasdaq
LSE,"Leishen Energy Holding Co., Ltd. - Class A Ordinary Shares",nasdaq
LSH,Lakeside Holding Limited - Common Stock,nasdaq
LSTA,"Lisata Therapeutics, Inc. - Common Stock",nasdaq
LSTR,"Landstar System, Inc. - Common Stock",nasdaq
LTBR,Lightbridge Corporation - Common Stock,nasdaq
LTGR,Long Table Growth Corp. - Class A Ordinary Shares,nasdaq
LTRN,Lantern Pharma Inc. - Common Stock,nasdaq
LTRX,"Lantronix, Inc. - Common Stock",nasdaq
LUCD,Lucid Diagnostics Inc. - Common Stock,nasdaq
LUCY,"Innovative Eyewear, Inc. - Common Stock",nasdaq
LULU,Lululemon Athletica,sp500
LUNG,Pulmonx Corporation - Common Stock,nasdaq
LUNR,"Intuitive Machines, Inc. - Class A Common Stock",nasdaq
LUV,Southwest Airlines,sp500
LVLU,"Lulu's Fashion Lounge Holdings, Inc. - Common Stock",nasdaq
LVO,"LiveOne, Inc. - Common Stock",nasdaq
LVS,Las Vegas Sands,sp500
LWAC,LightWave Acquisition Corp. - Class A Ordinary Shares,nasdaq
LWAY,"Lifeway Foods, Inc. - Common Stock",nasdaq
LWLG,"Lightwave Logic, Inc. - Common Stock",nasdaq
LXEO,"Lexeo Therapeutics, Inc. - Common Stock",nasdaq
LXRX,"Lexicon Pharmaceuticals, Inc. - Common Stock",nasdaq
LYB,LyondellBasell,sp500
LYEL,"Lyell Immunopharma, Inc. - Common Stock",nasdaq
LYFT,"Lyft, Inc. - Class A Common Stock",nasdaq
LYTS,LSI Industries Inc. - Common Stock,nasdaq
LYV,Live Nation Entertainment,sp500
LZ,"LegalZoom.com, Inc. - Common Stock",nasdaq
LZMH,LZ Technology Holdings Limited - Class B Ordinary Shares,nasdaq
MA,Mastercard,sp500
MAA,Mid-America Apartment Communities,sp500
MAAS,Maase Inc. - Class A Ordinary Shares,nasdaq
MACI,Melar Acquisition Corp. I - Class A Ordinary Shares,nasdaq
MAGH,Magnitude International Ltd - Ordinary Shares,nasdaq
MAKO,Mako Mining Corp - Common Stock,nasdaq
MAMA,"Mama's Creations, Inc. - Common Stock",nasdaq
MAMK,MaxsMaking Inc. - Class A Ordinary Shares,nasdaq
MAMO,Massimo Group - Common Stock,nasdaq
MANH,"Manhattan Associates, Inc. - Common Stock",nasdaq
MAR,Marriott International,sp500
MARA,"MARA Holdings, Inc. - Common Stock",nasdaq
MAS,Masco,sp500
MASK,3 E Network Technology Group Ltd - Class A Ordinary Shares,nasdaq
MASS,908 Devices Inc. - Common Stock,nasdaq
MAT,"Mattel, Inc. - Common Stock",nasdaq
MATH,Metalpha Technology Holding Limited - Ordinary Shares,nasdaq
MATW,Matthews International Corporation - Class A Common Stock,nasdaq
MAYS,"J. W. Mays, Inc. - Common Stock",nasdaq
MAZE,"Maze Therapeutics, Inc. - Common Stock",nasdaq
MB,MasterBeef Group - Ordinary Shares,nasdaq
MBAI,Check-Cap Ltd. - Ordinary Share,nasdaq
MBBC,"Marathon Bancorp, Inc. - Common Stock",nasdaq
MBIN,Merchants Bancorp - Common Stock,nasdaq
MBIO,"Mustang Bio, Inc. - Common Stock",nasdaq
MBLY,Mobileye Global Inc. - Class A Common Stock,nasdaq
MBOT,Microbot Medical Inc.  - Common Stock,nasdaq
MBRX,"Moleculin Biotech, Inc. - Common Stock",nasdaq
MBUU,"Malibu Boats, Inc. - Common Stock",nasdaq
MBVI,M3-Brigade Acquisition VI Corp. - Class A Ordinary Shares,nasdaq
MBWM,Mercantile Bank Corporation - Common Stock,nasdaq
MBX,"MBX Biosciences, Inc. - Common Stock",nasdaq
MCAH,Mountain Crest Acquisition 6 Corp. - Ordinary Shares,nasdaq
MCBS,"MetroCity Bankshares, Inc. - Common Stock",nasdaq
MCD,McDonald's,sp500
MCFT,"MasterCraft Boat Holdings, Inc. - Common Stock",nasdaq
MCGA,Yorkville Acquisition Corp. - Class A Ordinary Share,nasdaq
MCHB,Mechanics Bancorp - Class A Common Stock,nasdaq
MCHP,Microchip Technology,sp500
MCHX,"Marchex, Inc. - Class B Common Stock",nasdaq
MCK,McKesson Corporation,sp500
MCO,Moody's Corporation,sp500
MCRB,"Seres Therapeutics, Inc. - Common Stock",nasdaq
MCRI,"Monarch Casino & Resort, Inc. - Common Stock",nasdaq
MCTA,Charming Medical Limited - Class A Ordinary Shares,nasdaq
MDAI,"Spectral AI, Inc. - Class A Common Stock",nasdaq
MDB,"MongoDB, Inc. - Class A Common Stock",nasdaq
MDBH,"MDB Capital Holdings, LLC - Class A common ",nasdaq
MDCX,Medicus Pharma Ltd. - Common Stock,nasdaq
MDGL,"Madrigal Pharmaceuticals, Inc. - Common Stock",nasdaq
MDIA,Mediaco Holding Inc. - Class A Common Stock,nasdaq
MDLN,Medline Inc. - Class A common stock,nasdaq
MDLZ,Mondelez International,sp500
MDRR,"Medalist Diversified, Inc. - Common Stock",nasdaq
MDT,Medtronic,sp500
MDWD,MediWound Ltd. - Ordinary Shares,nasdaq
MDXG,"MiMedx Group, Inc - Common Stock",nasdaq
MDXH,MDxHealth SA - Ordinary Shares,nasdaq
MEDP,"Medpace Holdings, Inc. - Common Stock",nasdaq
MEDS,"DataMeds AI, Inc. - Common Stock",nasdaq
MEGL,Magic Empire Global Limited - Class A Ordinary Shares,nasdaq
MELI,"MercadoLibre, Inc. - Common Stock",nasdaq
MENS,Jyong Biotech Ltd. - Ordinary shares,nasdaq
MEOH,Methanex Corporation - Common Stock,nasdaq
MERC,Mercer International Inc. - Common Stock,nasdaq
MESH,Meshflow Acquisition Corp. - Class A Ordinary Shares,nasdaq
MET,MetLife,sp500
META,Meta Platforms,sp500
METC,"Ramaco Resources, Inc. - Class A Common Stock",nasdaq
METCB,"Ramaco Resources, Inc. - Class B Common Stock",nasdaq
MEVO,M Evo Global Acquisition Corp II - Class A Ordinary Shares,nasdaq
MF,MindForge Inc. - Class A Ordinary Shares,nasdaq
MFI,mF International Limited - Class A Ordinary Shares,nasdaq
MFIC,MidCap Financial Investment Corporation - Closed End Fund,nasdaq
MFIN,Medallion Financial Corp. - Common Stock,nasdaq
MFP,"Midera Food Processing, Inc. - Common Stock",nasdaq
MGEE,MGE Energy Inc. - Common Stock,nasdaq
MGIH,Millennium Group International Holdings Limited - Ordinary Shares,nasdaq
MGM,MGM Resorts,sp500
MGN,Megan Holdings Limited - Class A Ordinary Shares,nasdaq
MGNI,"Magnite, Inc. - Common Stock",nasdaq
MGNX,"MacroGenics, Inc. - Common Stock",nasdaq
MGPI,"MGP Ingredients, Inc. - Common Stock",nasdaq
MGRC,McGrath RentCorp - Common Stock,nasdaq
MGRT,Mega Fortune Company Limited - Ordinary Shares,nasdaq
MGRX,"Mangoceuticals, Inc. - Common Stock",nasdaq
MGTX,MeiraGTx Holdings plc - Ordinary Shares,nasdaq
MGX,"Metagenomi Therapeutics, Inc. - Common Stock",nasdaq
MGYR,"Magyar Bancorp, Inc. - Common Stock",nasdaq
MIDD,The Middleby Corporation - Common Stock,nasdaq
MIMI,Mint Incorporation Limited - Class A Ordinary Shares,nasdaq
MIND,"MIND Technology, Inc. - Common Stock",nasdaq
MIRA,"MIRA Pharmaceuticals, Inc. - Common Stock",nasdaq
MIRM,"Mirum Pharmaceuticals, Inc. - common stock",nasdaq
MIST,Milestone Pharmaceuticals Inc. - Common Shares,nasdaq
MITK,"Mitek Systems, Inc. - Common Stock",nasdaq
MKC,McCormick & Company,sp500
MKDW,MKDWELL Tech Inc. - Ordinary Shares,nasdaq
MKLY,McKinley Acquisition Corporation - Class A Ordinary Shares,nasdaq
MKSI,MKS Inc. - Common Stock,nasdaq
MKTW,"MarketWise, Inc. - Class A Common Stock",nasdaq
MKTX,"MarketAxess Holdings, Inc. - Common Stock",nasdaq
MKZR,"MacKenzie Realty Capital, Inc. - Common Stock",nasdaq
MLAA,Mountain Lake Acquisition Corp. II - Class A Ordinary Shares,nasdaq
MLAB,"Mesa Laboratories, Inc. - Common Stock",nasdaq
MLCI,Mount Logan Capital Inc. - Common Stock,nasdaq
MLEC,Moolec Science SA - Ordinary Shares,nasdaq
MLGO,"MicroAlgo, Inc. - Ordinary Shares",nasdaq
MLKN,"MillerKnoll, Inc. - Common Stock",nasdaq
MLM,Martin Marietta Materials,sp500
MLTX,MoonLake Immunotherapeutics - Class A Ordinary Shares,nasdaq
MLYS,"Mineralys Therapeutics, Inc. - Common Stock",nasdaq
MMED,"MiniMed Group, Inc. - Common Stock",nasdaq
MMM,3M,sp500
MMSI,"Merit Medical Systems, Inc. - Common Stock",nasdaq
MMTX,Miluna Acquisition Corp - Class A Ordinary Shares,nasdaq
MMYT,MakeMyTrip Limited - Ordinary Shares,nasdaq
MNDO,MIND C.T.I. Ltd. - Ordinary Shares,nasdaq
MNDR,Mobile-health Network Solutions - Class A Ordinary Shares,nasdaq
MNDY,monday.com Ltd. - Ordinary Shares,nasdaq
MNKD,MannKind Corporation - Common Stock,nasdaq
MNOV,"MediciNova, Inc. - Common Stock",nasdaq
MNPR,Monopar Therapeutics Inc. - Common Stock,nasdaq
MNRO,"Monro, Inc.  - Common Stock",nasdaq
MNSB,"MainStreet Bancshares, Inc. - Common Stock",nasdaq
MNST,Monster Beverage,sp500
MNTK,"Montauk Renewables, Inc. - Common Stock",nasdaq
MNTS,Momentus Inc. - Class A Common Stock,nasdaq
MNY,MoneyHero Limited - Class A Ordinary Shares,nasdaq
MO,Altria,sp500
MOB,Mobilicom Limited - Ordinary Shares,nasdaq
MOBI,"Mobia Medical, Inc. - Common Stock",nasdaq
MOBX,"Mobix Labs, Inc. - Class A Common Stock",nasdaq
MODD,"Modular Medical, Inc. - common stock",nasdaq
MORN,"Morningstar, Inc. - Common Stock",nasdaq
MOS,Mosaic Company (The),sp500
MOVE,"Corvex, Inc. - Common Stock",nasdaq
MPAA,"Motorcar Parts of America, Inc. - Common Stock",nasdaq
MPB,Mid Penn Bancorp - Common Stock,nasdaq
MPC,Marathon Petroleum,sp500
MPLT,"MapLight Therapeutics, Inc. - Common Stock",nasdaq
MPWR,Monolithic Power Systems,sp500
MQ,"Marqeta, Inc. - Class A Common Stock",nasdaq
MRAM,"Everspin Technologies, Inc. - Common Stock",nasdaq
MRBK,Meridian Corporation - Common Stock,nasdaq
MRCY,Mercury Systems Inc - Common Stock,nasdaq
MRDN,Meridian Holdings Inc. - Common Stock,nasdaq
MRK,Merck & Co.,sp500
MRKR,"Marker Therapeutics, Inc. - Common Stock",nasdaq
MRLN,"Merlin, Inc. - Common Stock",nasdaq
MRNA,Moderna,sp500
MRNO,Murano Global Investments PLC - Ordinary Shares,nasdaq
MRSH,Marsh McLennan,sp500
MRTN,"Marten Transport, Ltd. - Common Stock",nasdaq
MRVI,"Maravai LifeSciences Holdings, Inc. - Class A common stock",nasdaq
MRVL,Marvell Technology,sp500
MRX,Marex Group Limited - Ordinary Shares,nasdaq
MS,Morgan Stanley,sp500
MSAI,"MultiSensor AI Holdings, Inc. - Common Stock",nasdaq
MSBI,"Midland States Bancorp, Inc. - Common Stock",nasdaq
MSCI,MSCI Inc.,sp500
MSEX,Middlesex Water Company - Common Stock,nasdaq
MSFT,Microsoft,sp500
MSGM,Motorsport Games Inc. - Class A Common Stock,nasdaq
MSGY,Masonglory Limited - Ordinary Shares,nasdaq
MSI,Motorola Solutions,sp500
MSLE,Satellos Bioscience Inc. - Common Stock,nasdaq
MSS,Maison Solutions Inc. - Class A Common Stock,nasdaq
MSTR,Strategy Inc - Class A Common Stock,nasdaq
MTB,M&T Bank,sp500
MTC,"MMTec, Inc. - Common Shares",nasdaq
MTCH,"Match Group, Inc. - Common Stock",nasdaq
MTD,Mettler Toledo,sp500
MTEK,Maris-Tech Ltd. - ordinary shares,nasdaq
MTEN,Mingteng International Corporation Inc. - Class A Ordinary Shares,nasdaq
MTEX,"Mannatech, Incorporated - Common Stock",nasdaq
MTRX,Matrix Service Company - Common Stock,nasdaq
MTSI,"MACOM Technology Solutions Holdings, Inc. - Common Stock",nasdaq
MTVA,MetaVia Inc.  - Common Stock,nasdaq
MU,Micron Technology,sp500
MUZE,Muzero Acquisition Corp - Class A Ordinary Shares,nasdaq
MVBF,MVB Financial Corp. - Common Stock,nasdaq
MVIS,"MicroVision, Inc. - Common Stock",nasdaq
MVST,"Microvast Holdings, Inc. - Common Stock",nasdaq
MWH,"SOLV Energy, Inc. - Class A common stock",nasdaq
MWYN,"Marwynn Holdings, Inc. - Common stock",nasdaq
MXCT,"MaxCyte, Inc. - Common Stock",nasdaq
MXL,"MaxLinear, Inc - Common Stock",nasdaq
MYFW,"First Western Financial, Inc. - Common Stock",nasdaq
MYGN,"Myriad Genetics, Inc. - Common Stock",nasdaq
MYPS,"PLAYSTUDIOS, Inc.  - Class A Common Stock",nasdaq
MYRG,"MYR Group, Inc. - Common Stock",nasdaq
MYSE,"Myseum.AI, Inc. - Common Stock",nasdaq
MYSZ,"My Size, Inc. - Common Stock",nasdaq
MYX,Maywood Acquisition Corp. 2 - Class A Ordinary Share,nasdaq
MZTI,The Marzetti Company - Common Stock,nasdaq
NAGE,"Niagen Bioscience, Inc. - Common Stock",nasdaq
NAII,"Natural Alternatives International, Inc. - Common Stock",nasdaq
NAKA,Nakamoto Inc. - Common Stock,nasdaq
NAMM,Namib Minerals - Ordinary Shares,nasdaq
NAMS,NewAmsterdam Pharma Company N.V. - Ordinary Shares,nasdaq
NATH,"Nathan's Famous, Inc. - Common Stock",nasdaq
NATR,"Nature's Sunshine Products, Inc. - Common Stock",nasdaq
NAUT,"Nautilus Biotechnology, Inc. - Common Stock",nasdaq
NAVI,Navient Corporation - Common Stock,nasdaq
NAVN,"Navan, Inc. - Class A Common Stock",nasdaq
NB,NioCorp Developments Ltd. - Common Stock,nasdaq
NBBK,"NB Bancorp, Inc. - Common Stock",nasdaq
NBIS,Nebius Group N.V. - Class A Ordinary Shares,nasdaq
NBIX,"Neurocrine Biosciences, Inc. - Common Stock",nasdaq
NBN,Northeast Bank - Common Stock,nasdaq
NBRG,Newbridge Acquisition Limited - Class A Ordinary Share,nasdaq
NBTB,NBT Bancorp Inc. - Common Stock,nasdaq
NBTX,Nanobiotix S.A. - ADSs,nasdaq
NCEL,NewcelX Ltd. - Ordinary Shares,nasdaq
NCEW,New Century Logistics (BVI) Limited - Ordinary Shares,nasdaq
NCI,Neo-Concept International Group Holdings Limited - Class A Ordinary Shares,nasdaq
NCLH,Norwegian Cruise Line Holdings,sp500
NCMI,"National CineMedia, Inc. - Common Stock",nasdaq
NCNO,"nCino, Inc. - Common Stock",nasdaq
NCO,Southern Cross Acquisition I Corp. - Ordinary Shares,nasdaq
NCPL,Netcapital Inc. - Common Stock,nasdaq
NCRA,"Nocera, Inc. - common stock",nasdaq
NCSM,"NCS Multistage Holdings, Inc. - Common Stock",nasdaq
NCT,Intercont (Cayman) Limited - Class A Ordinary shares,nasdaq
NCTY,The9 Limited - American Depository Shares,nasdaq
NDAQ,"Nasdaq, Inc.",sp500
NDLS,Noodles & Company - Class A Common Stock,nasdaq
NDRA,ENDRA Life Sciences Inc. - Common Stock,nasdaq
NDSN,Nordson Corporation,sp500
NECB,"NorthEast Community Bancorp, Inc. - Common Stock",nasdaq
NEE,NextEra Energy,sp500
NEGG,"Newegg Commerce, Inc. - Common Shares",nasdaq
NEM,Newmont,sp500
NEO,"NeoGenomics, Inc. - Common Stock",nasdaq
NEOG,Neogen Corporation - Common Stock,nasdaq
NEON,Neonode Inc. - Common Stock,nasdaq
NEOV,NeoVolta Inc. - Common Stock,nasdaq
NEPH,"Nephros, Inc. - Common Stock",nasdaq
NERV,"Minerva Neurosciences, Inc - Common Stock",nasdaq
NESR,National Energy Services Reunited Corp - Ordinary Shares,nasdaq
NEUP,Neuphoria Therapeutics Inc. - Common Stock,nasdaq
NEWT,"NewtekOne, Inc. - Common Stock",nasdaq
NEXM,NexMetals Mining Corp. - Common Stock,nasdaq
NEXN,Nexxen International Ltd. - Ordinary Shares,nasdaq
NEXR,Nexera Technologies Ltd - Ordinary Shares,nasdaq
NEXT,NextDecade Corporation - Common Stock,nasdaq
NFE,New Fortress Energy Inc. - Class A Common Stock,nasdaq
NFLX,Netflix,sp500
NGEN,NervGen Pharma Corp. - Common stock,nasdaq
NGNE,Neurogene Inc. - Common Stock,nasdaq
NHIC,NewHold Investment Corp III - Class A Ordinary shares,nasdaq
NHIV,NewHold Investment Corp IV - Class A Ordinary Shares,nasdaq
NHP,"National Healthcare Properties, Inc. - Class A Common Stock",nasdaq
NHTC,Natural Health Trends Corp. - Common Stock,nasdaq
NI,NiSource,sp500
NIKI,"Niki BioSolutions, Inc. - Common Stock",nasdaq
NIVF,NewGenIvf Group Limited - Class A Ordinary Shares,nasdaq
NIXX,"Nixxy, Inc. - Common Stock",nasdaq
NKE,"Nike, Inc.",sp500
NKLR,Terra Innovatum Global N.V. - Ordinary shares,nasdaq
NKSH,"National Bankshares, Inc. - Common Stock",nasdaq
NKTR,Nektar Therapeutics - Common Stock,nasdaq
NKTX,"Nkarta, Inc. - Common Stock",nasdaq
NMAD,"Nomad Power Solutions, Inc. - Common Stock",nasdaq
NMFC,New Mountain Finance Corporation - Common Stock,nasdaq
NMIH,NMI Holdings Inc - Common Stock,nasdaq
NMP,NMP Acquisition Corp. - Class A Ordinary Shares,nasdaq
NMRA,"Neumora Therapeutics, Inc. - Common Stock",nasdaq
NMRK,"Newmark Group, Inc. - Class A Common Stock",nasdaq
NMTC,NeuroOne Medical Technologies Corporation - Common Stock,nasdaq
NN,NextNav Inc. - Common stock,nasdaq
NNBR,"NN, Inc. - Common Stock",nasdaq
NNE,Nano Nuclear Energy Inc. - common stock,nasdaq
NNNN,Anbio Biotechnology - Class A Ordinary Shares,nasdaq
NNOX,NANO-X IMAGING LTD - Ordinary Shares,nasdaq
NOC,Northrop Grumman,sp500
NODK,"NI Holdings, Inc. - Common Stock",nasdaq
NOEM,CO2 Energy Transition Corp. - Common Stock,nasdaq
NOMA,NOMADAR Corp. - Class A Common Stock,nasdaq
NOVT,Novanta Inc. - Common Shares,nasdaq
NOW,ServiceNow,sp500
NPAC,New Providence Acquisition Corp. III - Ordinary Shares,nasdaq
NPCE,"Neuropace, Inc. - Common Stock",nasdaq
NPT,Texxon Holding Limited - Ordinary shares,nasdaq
NRC,NRC Health - Common Stock,nasdaq
NRDS,"NerdWallet, Inc. - Class A Common Stock",nasdaq
NRG,NRG Energy,sp500
NRIM,Northrim BanCorp Inc - Common Stock,nasdaq
NRIX,"Nurix Therapeutics, Inc. - Common stock",nasdaq
NRSN,NeuroSense Therapeutics Ltd. - Ordinary Shares,nasdaq
NRXP,"NRX Pharmaceuticals, Inc. - Common Stock",nasdaq
NSC,Norfolk Southern,sp500
NSIT,"Insight Enterprises, Inc. - Common Stock",nasdaq
NSLR,Neostellar Capital Corp. - Closed End Fund,nasdaq
NSPR,InspireMD Inc. - Common Stock,nasdaq
NSSC,"NAPCO Security Technologies, Inc. - Common Stock",nasdaq
NSTS,"NSTS Bancorp, Inc. - Common Stock",nasdaq
NSYS,Nortech Systems Incorporated - Common Stock,nasdaq
NTAP,NetApp,sp500
NTCL,NETCLASS TECHNOLOGY INC - Class A Ordinary Shares,nasdaq
NTCT,"NetScout Systems, Inc. - Common Stock",nasdaq
NTGR,"NETGEAR, Inc. - Common Stock",nasdaq
NTHI,"NeOnc Technologies Holdings, Inc. - Common Stock",nasdaq
NTIC,Northern Technologies International Corporation - Common Stock,nasdaq
NTLA,"Intellia Therapeutics, Inc. - Common Stock",nasdaq
NTNX,"Nutanix, Inc. - Class A Common Stock",nasdaq
NTRA,"Natera, Inc. - Common Stock",nasdaq
NTRB,Nutriband Inc. - Common Stock,nasdaq
NTRP,"NextTrip, Inc. - Common Stock",nasdaq
NTRS,Northern Trust,sp500
NTSK,"Netskope, Inc. - Class A Common Stock",nasdaq
NTWK,NETSOL Technologies Inc. - Common Stock,nasdaq
NTWO,Newbury Street II Acquisition Corp - Class A Ordinary Shares,nasdaq
NUAI,"New Era Energy & Digital, Inc. - Common Stock",nasdaq
NUCL,Eagle Nuclear Energy Corp. - Common stock,nasdaq
NUE,Nucor,sp500
NUTR,Nusatrip Incorporated - Common Stock,nasdaq
NUTX,Nutex Health Inc. - Common Stock,nasdaq
NUWE,"Nuwellis, Inc. - Common Stock",nasdaq
NVAX,"Novavax, Inc. - Common Stock",nasdaq
NVCR,NovoCure Limited - Ordinary Shares,nasdaq
NVCT,"Nuvectis Pharma, Inc. - Common Stock",nasdaq
NVDA,Nvidia,sp500
NVEC,NVE Corporation - Common Stock,nasdaq
NVMI,Nova Ltd. - Ordinary Shares,nasdaq
NVNI,Nvni Group Limited - Ordinary Shares,nasdaq
NVNO,enVVeno Medical Corporation - Common Stock,nasdaq
NVR,"NVR, Inc.",sp500
NVTS,Navitas Semiconductor Corporation - Common Stock,nasdaq
NVX,NOVONIX Limited - American Depository Shares,nasdaq
NWBI,"Northwest Bancshares, Inc. - Common Stock",nasdaq
NWE,"NorthWestern Energy Group, Inc.  - Common Stock",nasdaq
NWFL,Norwood Financial Corp. - Common Stock,nasdaq
NWL,Newell Brands Inc. - Common Stock,nasdaq
NWPX,"NWPX Infrastructure, Inc. - Common Stock",nasdaq
NWS,News Corp (Class B),sp500
NWSA,News Corp (Class A),sp500
NWTG,"Newton Golf Company, Inc. - Common Stock",nasdaq
NXGL,"NexGel, Inc - Common Stock",nasdaq
NXL,"Nexalin Technology, Inc. - Common Stock",nasdaq
NXPI,NXP Semiconductors,sp500
NXPL,NextPlat Corp - Common Stock,nasdaq
NXST,"Nexstar Media Group, Inc. - Common Stock",nasdaq
NXT,Nextpower Inc. - Class A Common Stock,nasdaq
NXTC,"NextCure, Inc. - Common Stock",nasdaq
NXTS,Nexentis Technologies Inc. - Common Stock,nasdaq
NXTT,Next Technology Holding Inc. - Ordinary Shares,nasdaq
NXXT,"NextNRG, Inc. - Common Stock",nasdaq
NYAX,Nayax Ltd. - Ordinary Shares,nasdaq
NYXH,Nyxoah SA - Ordinary Shares,nasdaq
O,Realty Income,sp500
OABI,"OmniAb, Inc. - Common Stock",nasdaq
OACC,Oaktree Acquisition Corp. III Life Sciences - Class A Ordinary Share,nasdaq
OBA,Oxley Bridge Acquisition Limited - Class A Ordinary Shares,nasdaq
OBAI,"Our Bond, Inc. - Common Stock",nasdaq
OBIO,"Orchestra BioMed Holdings, Inc. - Ordinary Shares",nasdaq
OBT,"Orange County Bancorp, Inc. - Common Stock",nasdaq
OCC,Optical Cable Corporation - Common Stock,nasdaq
OCCI,"OFS Credit Company, Inc. - Closed End Fund",nasdaq
OCFC,OceanFirst Financial Corp. - Common Stock,nasdaq
OCG,Oriental Culture Holding LTD - Ordinary Shares,nasdaq
OCGN,"Ocugen, Inc. - Common Stock",nasdaq
OCS,Oculis Holding AG - Ordinary shares,nasdaq
OCSL,Oaktree Specialty Lending Corporation - Closed End Fund,nasdaq
OCTV,Octave Intelligence plc - Class B Ordinary Shares,nasdaq
OCUL,"Ocular Therapeutix, Inc. - Common Stock",nasdaq
ODD,ODDITY Tech Ltd. - Class A Ordinary Shares,nasdaq
ODFL,Old Dominion,sp500
ODTX,"Odyssey Therapeutics, Inc. - Common Stock",nasdaq
ODYS,Odysight.ai Inc. - Common Stock,nasdaq
OESX,"Orion Energy Systems, Inc. - Common Stock",nasdaq
OFAL,OFA Group - Class A Ordinary Shares,nasdaq
OFIX,Orthofix Medical Inc.  - Common Stock,nasdaq
OFLX,"Omega Flex, Inc. - Common Stock",nasdaq
OFS,OFS Capital Corporation - Closed End Fund,nasdaq
OGI,Organigram Global Inc. - Common Shares,nasdaq
OHAC,Oceanhawk Acquisition Corp. - Class A Ordinary Shares,nasdaq
OIM,OneIM Acquisition Corp. - Class A Ordinary Shares,nasdaq
OIO,OIO Group - Ordinary Shares,nasdaq
OKE,Oneok,sp500
OKTA,"Okta, Inc. - Class A Common Stock",nasdaq
OKUR,"OnKure Therapeutics, Inc. - Class A Common Stock",nasdaq
OKYO,OKYO Pharma Limited - Ordinary Shares,nasdaq
OLB,"The OLB Group, Inc. - Common Stock",nasdaq
OLED,Universal Display Corporation - Common Stock,nasdaq
OLLI,"Ollie's Bargain Outlet Holdings, Inc. - Common Stock",nasdaq
OLMA,"Olema Pharmaceuticals, Inc. - Common Stock",nasdaq
OLOX,Olenox Industries Inc. - Common Stock,nasdaq
OM,"Outset Medical, Inc. - Common Stock",nasdaq
OMC,Omnicom Group,sp500
OMCL,"Omnicell, Inc. - Common Stock",nasdaq
OMDA,"Omada Health, Inc. - Common Stock",nasdaq
OMER,Omeros Corporation - Common Stock,nasdaq
OMEX,"Odyssey Marine Exploration, Inc. - Common Stock",nasdaq
OMH,Ohmyhome Limited - Class A Ordinary Shares,nasdaq
OMSE,OMS Energy Technologies Inc. - Ordinary Shares,nasdaq
ON,ON Semiconductor,sp500
ONB,Old National Bancorp - Common Stock,nasdaq
ONCH,1RT Acquisition Corp. - Class A Ordinary Share,nasdaq
ONCO,"Onconetix, Inc.  - Common Stock",nasdaq
ONCY,Oncolytics Biotech Inc. - Common Stock,nasdaq
ONDS,Ondas Inc - Common Stock,nasdaq
ONEG,OneConstruction Group Limited - Ordinary Shares,nasdaq
ONEW,OneWater Marine Inc. - Class A Common Stock,nasdaq
ONFO,Onfolio Holdings Inc. - Common Stock,nasdaq
ONMD,OneMedNet Corp - Class A Common Stock,nasdaq
OPAL,OPAL Fuels Inc. - Class A Common Stock,nasdaq
OPBK,OP Bancorp - Common Stock,nasdaq
OPCH,"Option Care Health, Inc. - Common Stock",nasdaq
OPEN,Opendoor Technologies Inc  - Common Stock,nasdaq
OPI,Office Properties Income Trust - Common shares of beneficial interest,nasdaq
OPK,"Opko Health, Inc. - Common Stock",nasdaq
OPRT,Oportun Financial Corporation - common stock,nasdaq
OPRX,OptimizeRx Corporation - Common Stock,nasdaq
OPTH,Optimi Health Corp. - Common Shares,nasdaq
OPTX,"Syntec Optics Holdings, Inc. - Class A Common Stock",nasdaq
OPXS,"Optex Systems Holdings, Inc. - Common Stock",nasdaq
ORBS,Eightco Holdings Inc. - Common Stock,nasdaq
ORCL,Oracle Corporation,sp500
ORGO,Organogenesis Holdings Inc.  - Class A ,nasdaq
ORIC,"Oric Pharmaceuticals, Inc. - Common Stock",nasdaq
ORIO,Orion Digital Corp. - Common Shares,nasdaq
ORIQ,Origin Investment Corp I - Ordinary Shares,nasdaq
ORKA,"Oruka Therapeutics, Inc. - Common Stock",nasdaq
ORKT,Orangekloud Technology Inc. - Class A Ordinary Shares,nasdaq
ORLY,O’Reilly Automotive,sp500
ORMP,Oramed Pharmaceuticals Inc. - Common Stock,nasdaq
ORRF,"Orrstown Financial Services, Inc. - Common Stock",nasdaq
OSBC,"Old Second Bancorp, Inc. - Common Stock",nasdaq
OSIS,"OSI Systems, Inc. - Common Stock",nasdaq
OSPN,OneSpan Inc. - Common Stock,nasdaq
OSRH,"OSR Health, Inc. - Common Stock",nasdaq
OSS,"One Stop Systems, Inc. - Common Stock",nasdaq
OST,"Ostin Technology Group Co., Ltd. - Class A Ordinary Shares",nasdaq
OSUR,"OraSure Technologies, Inc. - Common Stock",nasdaq
OSW,OneSpaWorld Holdings Limited - Common Shares,nasdaq
OTEX,Open Text Corporation - Common Shares,nasdaq
OTGA,OTG Acquisition Corp. I - Class A Ordinary Share,nasdaq
OTIS,Otis Worldwide,sp500
OTLK,"Outlook Therapeutics, Inc. - Common Stock",nasdaq
OTTR,Otter Tail Corporation - Common Stock,nasdaq
OUST,"Ouster, Inc. - Common Stock",nasdaq
OVBC,Ohio Valley Banc Corp. - Common Stock,nasdaq
OVID,Ovid Therapeutics Inc. - Common Stock,nasdaq
OVLY,Oak Valley Bancorp (CA) - Common Stock,nasdaq
OWLS,OBOOK Holdings Inc. - Class A Common Shares,nasdaq
OXBR,Oxbridge Re Holdings Limited - Ordinary Shares,nasdaq
OXLC,Oxford Lane Capital Corp. - Closed End Fund,nasdaq
OXSQ,Oxford Square Capital Corp. - Closed End Fund,nasdaq
OXY,Occidental Petroleum,sp500
OYSE,Oyster Enterprises II Acquisition Corp - Class A Ordinary Shares,nasdaq
OZK,Bank OZK - Common Stock,nasdaq
PAAC,Proem Acquisition Corp I - Ordinary Shares,nasdaq
PACB,"Pacific Biosciences of California, Inc. - Common Stock",nasdaq
PACH,Pioneer Acquisition I Corp - Class A Ordinary Shares,nasdaq
PAGP,"Plains GP Holdings, L.P. - Class A Shares representing limited partner interests",nasdaq
PAHC,Phibro Animal Health Corporation - Class A Common Stock,nasdaq
PAL,"Proficient Auto Logistics, Inc. - Common Stock",nasdaq
PALI,"Palisade Bio, Inc. - Common Stock",nasdaq
PALO,Paloma Acquisition Corp I - Class A Ordinary Shares,nasdaq
PAMT,PAMT CORP - Common Stock,nasdaq
PANL,Pangaea Logistics Solutions Ltd. - Common Stock,nasdaq
PANW,Palo Alto Networks,sp500
PARK,"Park Dental Partners, Inc. - Common Stock",nasdaq
PASG,"Passage Bio, Inc. - Common Stock",nasdaq
PASW,"Ping An Biomedical Co., Ltd. - Class A Ordinary Shares",nasdaq
PATK,"Patrick Industries, Inc. - Common Stock",nasdaq
PAVM,PAVmed Inc. - Common Stock,nasdaq
PAVS,Paranovus Entertainment Technology Ltd. - Class A Ordinary Shares,nasdaq
PAX,Patria Investments Limited - Class A Common Shares,nasdaq
PAYO,Payoneer Global Inc. - Common Stock,nasdaq
PAYP,PayPay Corporation - American Depository Shares,nasdaq
PAYS,"Paysign, Inc. - Common Stock",nasdaq
PAYX,Paychex,sp500
PBAM,"Private Bancorp of America, Inc. - Common Stock",nasdaq
PBFS,"Pioneer Bancorp, Inc. - Common Stock",nasdaq
PBHC,"Pathfinder Bancorp, Inc. - Common Stock",nasdaq
PBK,PowerBank Corporation - Common Stock,nasdaq
PBLS,"Parabilis Medicines, Inc. - Common Stock",nasdaq
PBM,Psyence Biomedical Ltd. - Common Shares,nasdaq
PBYI,Puma Biotechnology Inc - Common Stock,nasdaq
PC,Premium Catering (Holdings) Limited - Ordinary Shares,nasdaq
PCAP,ProCap Acquisition Corp - Class A Ordinary Shares,nasdaq
PCAR,Paccar,sp500
PCB,PCB Bancorp - Common Stock,nasdaq
PCG,PG&E Corporation,sp500
PCRX,"Pacira BioSciences, Inc. - Common Stock",nasdaq
PCSA,"Processa Pharmaceuticals, Inc. - Common Stock",nasdaq
PCT,"PureCycle Technologies, Inc. - Common stock",nasdaq
PCTY,Paylocity Holding Corporation - Common Stock,nasdaq
PCVX,"Vaxcyte, Inc. - Common Stock",nasdaq
PCYO,Pure Cycle Corporation - Common Stock,nasdaq
PDEX,"Pro-Dex, Inc. - Common Stock",nasdaq
PDFS,"PDF Solutions, Inc. - Common Stock",nasdaq
PDLB,"Ponce Financial Group, Inc. - Common Stock",nasdaq
PDSB,PDS Biotechnology Corporation - Common Stock,nasdaq
PDYN,Palladyne AI Corp. - Common stock,nasdaq
PEBK,"Peoples Bancorp of North Carolina, Inc. - Common Stock",nasdaq
PEBO,Peoples Bancorp Inc. - Common Stock,nasdaq
PECE,Peace Acquisition Corp - Ordinary Shares,nasdaq
PECO,"Phillips Edison & Company, Inc. - Common Stock",nasdaq
PEG,Public Service Enterprise Group,sp500
PEGA,Pegasystems Inc. - Common Stock,nasdaq
PENG,"Penguin Solutions, Inc. - Common Stock",nasdaq
PENN,"PENN Entertainment, Inc. - Common Stock",nasdaq
PEP,PepsiCo,sp500
PEPG,PepGen Inc. - Common Stock,nasdaq
PERI,Perion Network Ltd - Ordinary Shares,nasdaq
PESI,"Perma-Fix Environmental Services, Inc. - Common Stock",nasdaq
PETS,"PetMed Express, Inc. - Common Stock",nasdaq
PETZ,"TDH Holdings, Inc. - Common Shares",nasdaq
PFAI,Pinnacle Food Group Limited - Class A Common Shares,nasdaq
PFE,Pfizer,sp500
PFG,Principal Financial Group,sp500
PFIS,Peoples Financial Services Corp.  - Common Stock,nasdaq
PFSA,"Profusa, Inc. - Common Stock",nasdaq
PFX,PhenixFIN Corporation  - Common Stock,nasdaq
PG,Procter & Gamble,sp500
PGAC,Pantages Capital Acquisition Corporation - Class A Ordinary Shares,nasdaq
PGC,Peapack-Gladstone Financial Corporation - Common Stock,nasdaq
PGEN,"Precigen, Inc. - Common Stock",nasdaq
PGNY,"Progyny, Inc. - Common Stock",nasdaq
PGR,Progressive Corporation,sp500
PGY,Pagaya Technologies Ltd. - Class A Ordinary Shares,nasdaq
PH,Parker Hannifin,sp500
PHAR,"Pharming Group N.V. - ADS, each representing 10 ordinary shares",nasdaq
PHAT,"Phathom Pharmaceuticals, Inc. - Common Stock",nasdaq
PHIO,Phio Pharmaceuticals Corp. - Common Stock,nasdaq
PHM,PulteGroup,sp500
PHOE,Phoenix Asia Holdings Limited - Ordinary Shares,nasdaq
PHUN,"Phunware, Inc. - Common Stock",nasdaq
PHVS,Pharvaris N.V. - Ordinary Shares,nasdaq
PI,"Impinj, Inc. - Common Stock",nasdaq
PICS,PicS N.V. - Class A Common Shares,nasdaq
PIII,P3 Health Partners Inc. - Class A Common Stock,nasdaq
PKBK,"Parke Bancorp, Inc. - Common Stock",nasdaq
PKG,Packaging Corporation of America,sp500
PKOH,Park-Ohio Holdings Corp. - Common Stock,nasdaq
PLAB,"Photronics, Inc. - Common Stock",nasdaq
PLAY,"Dave & Buster's Entertainment, Inc. - Common Stock",nasdaq
PLBC,Plumas Bancorp - Common Stock,nasdaq
PLBL,Polibeli Group Ltd - Class A Ordinary Shares,nasdaq
PLBY,"Playboy, Inc. - Common Stock",nasdaq
PLCE,"Children's Place, Inc. (The) - Common Stock",nasdaq
PLD,Prologis,sp500
PLMK,Plum Acquisition Corp. IV - Class A Ordinary Shares,nasdaq
PLMR,"Palomar Holdings, Inc. - Common stock",nasdaq
PLPC,Preformed Line Products Company - Common Stock,nasdaq
PLRX,"Pliant Therapeutics, Inc. - Common Stock",nasdaq
PLRZ,Polyrizon Ltd. - Ordinary Shares,nasdaq
PLSE,"Pulse Biosciences, Inc - Common Stock",nasdaq
PLSM,Pulsenmore Ltd. - Ordinary Shares,nasdaq
PLTK,Playtika Holding Corp. - Common Stock,nasdaq
PLTR,Palantir Technologies,sp500
PLTS,Platinum Analytics Cayman Limited - Class A Ordinary Shares,nasdaq
PLUG,"Plug Power, Inc. - Common Stock",nasdaq
PLUR,Pluri Inc. - Common Stock,nasdaq
PLUS,ePlus inc. - Common Stock,nasdaq
PLUT,Plutus Financial Group Limited - Ordinary Shares,nasdaq
PLXS,Plexus Corp. - Common Stock,nasdaq
PLYX,"Polaryx Therapeutics, Inc. - Common Stock",nasdaq
PM,Philip Morris International,sp500
PMA,Ming Shing Group Holdings Limited - Ordinary Shares,nasdaq
PMAX,Powell Max Limited - Class A Ordinary Shares,nasdaq
PMCB,"PharmaCyte  Biotech, Inc. - Common Stock",nasdaq
PMEC,Primech Holdings Ltd. - Ordinary Shares,nasdaq
PMN,ProMIS Neurosciences Inc. - Common Shares,nasdaq
PMTR,Perimeter Acquisition Corp. I - Class A Ordinary Shares,nasdaq
PMTS,CPI Card Group Inc. - Common Stock,nasdaq
PMVP,"PMV Pharmaceuticals, Inc. - Common Stock",nasdaq
PN,PN Smart Energy Limited - Class A Ordinary Shares,nasdaq
PNBK,Patriot National Bancorp Inc. - Common Stock,nasdaq
PNC,PNC Financial Services,sp500
PNR,Pentair,sp500
PNRG,PrimeEnergy Resources Corporation - Common Stock,nasdaq
PNTG,"The Pennant Group, Inc. - Common Stock",nasdaq
PNW,Pinnacle West Capital,sp500
POCI,"Precision Optics Corporation, Inc. - Common stock",nasdaq
PODC,"PodcastOne, Inc. - Common Stock",nasdaq
PODD,Insulet Corporation,sp500
POET,POET Technologies Inc. - Common Shares,nasdaq
POLA,"Polar Power, Inc. - Common Stock",nasdaq
POLE,Andretti Acquisition Corp. II - Class A Ordinary Shares,nasdaq
PONO,"Pono Capital Four, Inc. - Class A Ordinary Shares",nasdaq
POOL,Pool Corporation - Common Stock,nasdaq
POWI,"Power Integrations, Inc. - Common Stock",nasdaq
POWL,"Powell Industries, Inc. - Common Stock",nasdaq
POWW,Outdoor Holding Company - Common Stock,nasdaq
PPC,Pilgrim's Pride Corporation - Common Stock,nasdaq
PPCB,"Propanc Biopharma, Inc. - Common Stock",nasdaq
PPG,PPG Industries,sp500
PPHC,"Public Policy Holding Company, Inc. - Common Stock",nasdaq
PPIH,"Perma-Pipe International Holdings, Inc. - Common Stock",nasdaq
PPL,PPL Corporation,sp500
PPLI,People Incorporated - Common Stock,nasdaq
PPSI,"Pioneer Power Solutions, Inc. - Common Stock",nasdaq
PPTA,Perpetua Resources Corp. - Common Shares,nasdaq
PRAA,"PRA Group, Inc. - Common Stock",nasdaq
PRAX,"Praxis Precision Medicines, Inc. - Common Stock",nasdaq
PRCH,"Porch Group, Inc. - Common Stock",nasdaq
PRCT,PROCEPT BioRobotics Corporation - Common Stock,nasdaq
PRDO,Perdoceo Education Corporation - Common Stock,nasdaq
PRE,Prenetics Global Limited - Class A Ordinary Share,nasdaq
PRFX,PRF Technologies Ltd. - Ordinary Shares,nasdaq
PRGS,Progress Software Corporation - Common Stock,nasdaq
PRHI,"Presurance Holdings, Inc. - Common Stock",nasdaq
PRLD,Prelude Therapeutics Incorporated - Common Stock,nasdaq
PRME,"Prime Medicine, Inc. - Common Stock",nasdaq
PROF,Profound Medical Corp. - common stock,nasdaq
PROK,ProKidney Corp. - Class A Ordinary Shares,nasdaq
PROP,Prairie Operating Co. - Common Stock,nasdaq
PROV,"Provident Financial Holdings, Inc. - Common Stock",nasdaq
PRPL,"Purple Innovation, Inc. - Common Stock",nasdaq
PRPO,"Precipio, Inc. - Common Stock",nasdaq
PRQR,ProQR Therapeutics N.V. - Ordinary Shares,nasdaq
PRSO,Peraso Inc. - Common Stock,nasdaq
PRTA,Prothena Corporation plc - Ordinary Shares,nasdaq
PRTH,"Priority Technology Holdings, Inc. - Common Stock",nasdaq
PRTS,"CarParts.com, Inc. - Common Stock",nasdaq
PRU,Prudential Financial,sp500
PRVA,"Privia Health Group, Inc. - Common Stock",nasdaq
PRZO,ParaZero Technologies Ltd. - Ordinary Shares,nasdaq
PSA,Public Storage,sp500
PSEC,Prospect Capital Corporation - Closed End Fund,nasdaq
PSHG,Performance Shipping Inc. - Common Shares,nasdaq
PSIG,PS International Group Ltd. - Ordinary Shares,nasdaq
PSIX,"Power Solutions International, Inc. - Common Stock",nasdaq
PSKY,Paramount Skydance Corporation,sp500
PSMT,"PriceSmart, Inc. - Common Stock",nasdaq
PSNL,"Personalis, Inc. - Common Stock",nasdaq
PSNY,Polestar Automotive Holding UK Limited - Class A ADS,nasdaq
PSNYW,Polestar Automotive Holding UK Limited - Class C-1 ADS (ADW),nasdaq
PSTV,"PLUS THERAPEUTICS, Inc. - Common Stock",nasdaq
PSX,Phillips 66,sp500
PTAC,Patriot Acquisition Corp. - Class A Ordinary Shares,nasdaq
PTC,PTC Inc.,sp500
PTCT,"PTC Therapeutics, Inc. - Common Stock",nasdaq
PTEN,"Patterson-UTI Energy, Inc. - Common Stock",nasdaq
PTGX,"Protagonist Therapeutics, Inc. - Common Stock",nasdaq
PTLE,PTL LTD - Class A Ordinary Shares,nasdaq
PTLO,Portillo's Inc. - Class A Common Stock,nasdaq
PTN,"Palatin Technologies, Inc. - Common Stock",nasdaq
PTON,"Peloton Interactive, Inc. - Common Stock",nasdaq
PTOR,Praetorian Acquisition Corp. - Class A Ordinary Shares,nasdaq
PTRN,Pattern Group Inc. - Series A Common Stock,nasdaq
PUBM,"PubMatic, Inc. - Class A Common Stock",nasdaq
PULM,"Pulmatrix, Inc. - Common Stock",nasdaq
PURR,Hyperliquid Strategies Inc - Common Stock,nasdaq
PUSA,Aureus Greenway Holdings Inc. - Common Stock,nasdaq
PVLA,"Palvella Therapeutics, Inc. - Common Stock",nasdaq
PWCM,"PowerCompute, Inc. - Common Stock",nasdaq
PWP,Perella Weinberg Partners - Class A Common Stock,nasdaq
PWR,Quanta Services,sp500
PWRL,Powerlaw Corp. - Common Stock,nasdaq
PXLW,"Pixelworks, Inc. - Common Stock",nasdaq
PXS,Pyxis Tankers Inc. - Common Stock,nasdaq
PYPD,PolyPid Ltd. - Ordinary Shares,nasdaq
PYPL,PayPal,sp500
PYXS,"Pyxis Oncology, Inc. - Common Stock",nasdaq
PZZA,"Papa John's International, Inc. - Common Stock",nasdaq
Q,Qnity Electronics,sp500
QADR,QDRO Acquisition Corp. - Class A Ordinary Shares,nasdaq
QBTS,D-Wave Quantum Inc. - Common Stock,nasdaq
QCLS,"Q/C Technologies, Inc. - Common Stock",nasdaq
QCOM,Qualcomm,sp500
QCRH,"QCR Holdings, Inc. - Common Stock",nasdaq
QDEL,QuidelOrtho Corporation - Common Stock,nasdaq
QETA,Quetta Acquisition Corporation - Common Stock,nasdaq
QH,Quhuo Limited - Class A Ordinary Shares,nasdaq
QLYS,"Qualys, Inc. - Common Stock",nasdaq
QMCO,Quantum Corporation - Common Stock,nasdaq
QMLS,"QumulusAI, Inc. - Common Stock",nasdaq
QMMM,QMMM Holdings Limited - Class A Ordinary Shares,nasdaq
QNCX,"Quince Therapeutics, Inc. - Common Stock",nasdaq
QNST,"QuinStreet, Inc. - Common Stock",nasdaq
QNT,Quantinuum Inc. - Class A Common Stock,nasdaq
QNTM,Quantum Biopharma Ltd. - Class B Subordinate Voting Shares,nasdaq
QQQX,Nuveen NASDAQ 100 Dynamic Overwrite Fund - Closed End Fund,nasdaq
QRHC,Quest Resource Holding Corporation - Common Stock,nasdaq
QRVO,"Qorvo, Inc. - Common Stock",nasdaq
QS,QuantumScape Corporation - Common Stock,nasdaq
QSEA,Quartzsea Acquisition Corporation - Ordinary Shares,nasdaq
QSI,Quantum-Si Incorporated - Class A Common Stock,nasdaq
QTEX,QTREX Quantum Ltd. - Ordinary Shares,nasdaq
QTI,"QT Imaging Holdings, Inc. - Common Stock",nasdaq
QTRX,Quanterix Corporation - Common Stock,nasdaq
QTTB,Q32 Bio Inc. - Common Stock,nasdaq
QUBT,Quantum Computing Inc. - Common Stock,nasdaq
QUCY,Quantum Cyber N.V. - Ordinary Shares,nasdaq
QUIK,QuickLogic Corporation - Common Stock,nasdaq
QUMS,Quantumsphere Acquisition Corp. - Ordinary Shares,nasdaq
QURE,uniQure N.V. - Ordinary Shares,nasdaq
QXL,Quantum X Labs Inc. - Common Stock,nasdaq
RACC,Research Alliance Corporation III - Class A Ordinary Shares,nasdaq
RACD,Research Alliance Corporation IV - Class A Ordinary Shares,nasdaq
RAIL,"Freightcar America, Inc. - Common Stock",nasdaq
RAIN,"Rain Enhancement Technologies Holdco, Inc. - Class A Common Stock",nasdaq
RAND,Rand Capital Corporation - Closed End Fund,nasdaq
RANG,Range Capital Acquisition Corp. - Ordinary Shares,nasdaq
RANI,"Rani Therapeutics Holdings, Inc. - Class A Common Stock",nasdaq
RAPP,"Rapport Therapeutics, Inc. - Common Stock",nasdaq
RARE,Ultragenyx Pharmaceutical Inc. - Common Stock,nasdaq
RAVE,"Rave Restaurant Group, Inc. - Common Stock",nasdaq
RAY,Raytech Holding Limited - Ordinary Shares,nasdaq
RAYA,Erayak Power Solution Group Inc. - Class A Ordinary Shares,nasdaq
RBB,RBB Bancorp - Common Stock,nasdaq
RBBN,Ribbon Communications Inc.  - Common Stock,nasdaq
RBCAA,"Republic Bancorp, Inc. - Class A Common Stock",nasdaq
RBKB,"Rhinebeck Bancorp, Inc. - Common Stock",nasdaq
RBNE,Robin Energy Ltd. - Common Stock,nasdaq
RCAT,"Red Cat Holdings, Inc. - Common Stock",nasdaq
RCEL,"Avita Medical, Inc. - Common Stock",nasdaq
RCKT,"Rocket Pharmaceuticals, Inc. - Common Stock",nasdaq
RCKY,"Rocky Brands, Inc. - Common Stock",nasdaq
RCL,Royal Caribbean Group,sp500
RCMT,"RCM Technologies, Inc. - Common Stock",nasdaq
RCON,"Recon Technology, Ltd. - Class A Ordinary Shares",nasdaq
RCT,RedCloud Holdings plc - Ordinary Shares,nasdaq
RDAC,Rising Dragon Acquisition Corp. - Ordinary Shares,nasdaq
RDAG,Republic Digital Acquisition Company - Class A Ordinary Shares,nasdaq
RDCM,Radcom Ltd. - Ordinary Shares,nasdaq
RDGT,"Ridgetech, Inc. - Ordinary Shares",nasdaq
RDI,Reading International Inc - Class A Non-voting Common Stock,nasdaq
RDIB,Reading International Inc - Class B Voting Common Stock,nasdaq
RDNT,"RadNet, Inc. - Common Stock",nasdaq
RDNW,"RideNow Group, Inc. - Class B Common Stock",nasdaq
RDVT,"Red Violet, Inc. - Common Stock ",nasdaq
RDWR,Radware Ltd. - Ordinary Shares,nasdaq
RDZN,"Roadzen, Inc. - Ordinary Shares",nasdaq
REAL,"The RealReal, Inc. - Common Stock",nasdaq
REAX,"The Real Brokerage, Inc. - Common Shares",nasdaq
REBN,"Reborn Coffee, Inc. - Common Stock",nasdaq
RECT,Rectitude Holdings Ltd - Ordinary Shares,nasdaq
REFI,"Chicago Atlantic Real Estate Finance, Inc. - Common Stock",nasdaq
REFR,Research Frontiers Incorporated - Common Stock,nasdaq
REG,Regency Centers,sp500
REGN,Regeneron Pharmaceuticals,sp500
REKR,"Rekor Systems, Inc. - Common Stock",nasdaq
RELL,"Richardson Electronics, Ltd. - Common Stock",nasdaq
RELY,"Remitly Global, Inc. - Common stock",nasdaq
RENT,"Rent the Runway, Inc. - Class A Common Stock",nasdaq
RENX,RenX Enterprises Corp. - Common Stock,nasdaq
REPL,"Replimune Group, Inc. - Common Stock",nasdaq
RETO,"ReTo Eco-Solutions, Inc. - Class A Shares",nasdaq
REVB,"Revelation Biosciences, Inc. - Common Stock",nasdaq
REYN,Reynolds Consumer Products Inc. - Common Stock,nasdaq
RF,Regions Financial Corporation,sp500
RFAI,RF Acquisition Corp II - Ordinary Shares,nasdaq
RFAM,RF Acquisition Corp III - Ordinary Shares,nasdaq
RFIL,"RF Industries, Ltd. - Common Stock",nasdaq
RGC,Regencell Bioscience Holdings Limited - Ordinary Shares,nasdaq
RGCO,RGC Resources Inc. - Common Stock,nasdaq
RGEN,Repligen Corporation - Common Stock,nasdaq
RGLD,"Royal Gold, Inc. - Common Stock",nasdaq
RGNX,REGENXBIO Inc. - Common Stock,nasdaq
RGP,"Resources Connection, Inc. - Common Stock",nasdaq
RGS,Regis Corporation - Common Stock,nasdaq
RGTI,"Rigetti Computing, Inc.  - Common stock",nasdaq
RIBB,Ribbon Acquisition Corp - Class A Ordinary Shares,nasdaq
RICK,"RCI Hospitality Holdings, Inc. - Common Stock",nasdaq
RIGL,"Rigel Pharmaceuticals, Inc. - Common Stock",nasdaq
RILY,"BRC Group Holdings, Inc. - Common Stock",nasdaq
RIME,"Algorhythm Holdings, Inc. - Common Stock",nasdaq
RIOT,"Riot Platforms, Inc. - Common Stock",nasdaq
RITR,Reitar Logtech Holdings Limited - Ordinary shares,nasdaq
RIVN,"Rivian Automotive, Inc. - Class A Common Stock",nasdaq
RJET,Republic Airways Holdings Inc. - Common Stock,nasdaq
RJF,Raymond James Financial,sp500
RKDA,"Arcadia Biosciences, Inc. - Common Stock",nasdaq
RKLB,Rocket Lab Corporation - Common Stock,nasdaq
RKTO,Rocket One Inc. - Common Stock,nasdaq
RL,Ralph Lauren Corporation,sp500
RLAY,"Relay Therapeutics, Inc. - Common Stock",nasdaq
RLMD,"Relmada Therapeutics, Inc. - Common Stock",nasdaq
RLYB,Rallybio Corporation - Common Stock,nasdaq
RMBI,"Richmond Mutual Bancorporation, Inc. - Common Stock",nasdaq
RMBS,"Rambus, Inc. - Common Stock",nasdaq
RMCF,"Rocky Mountain Chocolate Factory, Inc. - Common Stock",nasdaq
RMCO,Royalty Management Holding Corporation - Class A Common Stock,nasdaq
RMD,ResMed,sp500
RMIX,"Suncrete, Inc. - Class A Common Stock",nasdaq
RMNI,"Rimini Street, Inc. - Common Stock",nasdaq
RMR,The RMR Group Inc. - Class A Common Stock,nasdaq
RMSG,Real Messenger Corporation - Ordinary Shares,nasdaq
RMTI,"Rockwell Medical, Inc. - Common Stock",nasdaq
RNA,"Atrium Therapeutics, Inc. - Common Stock",nasdaq
RNAC,"Cartesian Therapeutics, Inc. - Common Stock",nasdaq
RNAZ,"TransCode Therapeutics, Inc. - Common Stock",nasdaq
RNGT,Range Capital Acquisition Corp II - Class A Ordinary Shares,nasdaq
RNTX,"Rein Therapeutics, Inc. - Common Stock",nasdaq
RNW,ReNew Energy Global plc - Class A Shares,nasdaq
RNXT,"RenovoRx, Inc. - Common Stock",nasdaq
ROAD,"Construction Partners, Inc. - Common Stock",nasdaq
ROC,Rank One Computing Corporation - Common stock,nasdaq
ROCK,"Gibraltar Industries, Inc. - Common Stock",nasdaq
ROIV,Roivant Sciences Ltd. - Common Shares,nasdaq
ROK,Rockwell Automation,sp500
ROKU,"Roku, Inc. - Class A Common Stock",nasdaq
ROL,"Rollins, Inc.",sp500
ROMA,Roma Green Finance Limited - Class A Ordinary Shares,nasdaq
ROOT,"Root, Inc. - Common Stock",nasdaq
ROP,Roper Technologies,sp500
ROST,Ross Stores,sp500
RPAY,Repay Holdings Corporation - Class A Common Stock,nasdaq
RPD,"Rapid7, Inc. - Common Stock",nasdaq
RPGL,Republic Power Group Limited - Class A Ordinary Shares,nasdaq
RPID,"Rapid Micro Biosystems, Inc. - Class A Common Stock",nasdaq
RPRX,Royalty Pharma plc - Class A Ordinary Shares,nasdaq
RR,Richtech Robotics Inc. - Class B Common Stock,nasdaq
RRBI,"Red River Bancshares, Inc. - Common Stock",nasdaq
RREV,RRE Ventures Acquisition Corp. - Class A Ordinary Shares,nasdaq
RRGB,"Red Robin Gourmet Burgers, Inc. - Common Stock",nasdaq
RRR,"Red Rock Resorts, Inc. - Class A Common Stock",nasdaq
RSG,Republic Services,sp500
RSSS,"Research Solutions, Inc - Common Stock",nasdaq
RSVR,"Reservoir Media, Inc.. - Common Stock",nasdaq
RTAC,Renatus Tactical Acquisition Corp I - Class A Ordinary Shares,nasdaq
RTB,"RTB Digital, Inc. - Common Stock",nasdaq
RTX,RTX Corporation,sp500
RUBI,Rubico Inc. - Common Stock,nasdaq
RUM,RUM Group Inc. - Class A Common Stock,nasdaq
RUN,Sunrun Inc. - Common Stock,nasdaq
RUSHA,"Rush Enterprises, Inc. - Class A Common Stock",nasdaq
RUSHB,"Rush Enterprises, Inc. - Class B Common Stock",nasdaq
RVMD,"Revolution Medicines, Inc. - Common Stock",nasdaq
RVSB,Riverview Bancorp Inc - Common Stock,nasdaq
RVSN,Rail Vision Ltd. - Ordinary Shares,nasdaq
RVTY,Revvity,sp500
RWAY,Runway Growth Finance Corp. - Common Stock,nasdaq
RXRX,"Recursion Pharmaceuticals, Inc. - Class A Common Stock",nasdaq
RXST,"RxSight, Inc. - Common Stock",nasdaq
RXT,"Rackspace Technology, Inc. - Common Stock",nasdaq
RYET,Ruanyun Edai Technology Inc. - Ordinary shares,nasdaq
RYM,"RYTHM, Inc. - Common Stock",nasdaq
RYOJ,"rYojbaba Co., Ltd. - Common Shares",nasdaq
RYTM,"Rhythm Pharmaceuticals, Inc. - Common Stock",nasdaq
RZLT,"Rezolute, Inc. - Common Stock (NV)",nasdaq
RZLV,Rezolve AI PLC - Ordinary Shares,nasdaq
SAAQ,Space Asset Acquisition Corp. - Class A Ordinary Shares,nasdaq
SABR,Sabre Corporation - Common Stock,nasdaq
SABS,"SAB Biotherapeutics, Inc. - Common Stock",nasdaq
SAFT,"Safety Insurance Group, Inc. - Common Stock",nasdaq
SAFX,"XCF Global, Inc. - Class A Common Stock",nasdaq
SAGT,SAGTEC GLOBAL LIMITED - Class A Ordinary shares,nasdaq
SAIA,"Saia, Inc. - Common Stock",nasdaq
SAIC,Science Applications International Corporation - Common Stock,nasdaq
SAIH,SAIHEAT Limited - Class A Ordinary Shares,nasdaq
SAIL,"SailPoint, Inc. - Common Stock",nasdaq
SAMG,Silvercrest Asset Management Group Inc. - Common Stock,nasdaq
SANA,"Sana Biotechnology, Inc. - Common Stock",nasdaq
SANG,Sangoma Technologies Corporation - Common Shares,nasdaq
SANM,Sanmina Corporation - Common Stock,nasdaq
SATL,Satellogic Inc. - Class A Common Stock,nasdaq
SBAC,SBA Communications,sp500
SBC,SBC Medical Group Holdings Incorporated - Common Stock,nasdaq
SBCF,Seacoast Banking Corporation of Florida - Common Stock,nasdaq
SBET,"Sharplink, Inc. - Common Stock",nasdaq
SBFG,"SB Financial Group, Inc. - Common Stock",nasdaq
SBFM,Sunshine Biopharma Inc. - Common stock,nasdaq
SBGI,"Sinclair, Inc. - Class A Common Stock",nasdaq
SBLK,Star Bulk Carriers Corp. - Common Shares,nasdaq
SBRA,"Sabra Health Care REIT, Inc. - Common Stock",nasdaq
SBUX,Starbucks,sp500
SCHL,Scholastic Corporation - Common Stock,nasdaq
SCHW,Charles Schwab Corporation,sp500
SCII,SC II Acquisition Corp. - Class A ordinary share,nasdaq
SCKT,"Socket Mobile, Inc. - Common Stock",nasdaq
SCLX,Scilex Holding Company - Common Stock,nasdaq
SCNX,"Scienture Holdings, Inc. - Common Stock",nasdaq
SCOR,"comScore, Inc. - Common Stock",nasdaq
SCPQ,Social Commerce Partners Corporation - Class A Ordinary Shares,nasdaq
SCSC,"ScanSource, Inc. - Common Stock",nasdaq
SCTX,Scribe Therapeutics Inc. - Common Stock,nasdaq
SCWO,374Water Inc. - common stock,nasdaq
SCYX,"SCYNEXIS, Inc. - Common Stock",nasdaq
SCZM,Santacruz Silver Mining Ltd. - Common Shares,nasdaq
SDA,SunCar Technology Group Inc. - Ordinary Shares,nasdaq
SDGR,"Schrodinger, Inc. - Common Stock",nasdaq
SDHI,Siddhi Acquisition Corp - Class A Common stock,nasdaq
SDOT,Sadot Group Inc. - Common Stock,nasdaq
SDST,Stardust Power Inc. - Common Stock,nasdaq
SEAT,Vivid Seats Inc. - Class A common stock,nasdaq
SEDG,"SolarEdge Technologies, Inc. - Common Stock",nasdaq
SEED,Origin Agritech Limited - Ordinary Shares,nasdaq
SEER,"Seer, Inc. - Class A Common Stock",nasdaq
SEGG,Sports Entertainment Gaming Global Corporation  - Common Stock,nasdaq
SEIC,SEI Investments Company - Common Stock,nasdaq
SELF,"Global Self Storage, Inc. - Common Stock",nasdaq
SENEA,Seneca Foods Corp. - Class A Common Stock,nasdaq
SENEB,Seneca Foods Corp. - Class B Common Stock,nasdaq
SENS,"Senseonics Holdings, Inc. - Common Stock",nasdaq
SEPN,"Septerna, Inc. - Common Stock",nasdaq
SERA,"Sera Prognostics, Inc. - Class A Common Stock",nasdaq
SERV,Serve Robotics Inc. - Common Stock,nasdaq
SEV,Aptera Motors Corp. - Class B Common Stock,nasdaq
SEVN,Seven Hills Realty Trust  - Common Stock,nasdaq
SEZL,Sezzle Inc. - Common Stock,nasdaq
SFBC,"Sound Financial Bancorp, Inc. - Common Stock",nasdaq
SFD,"Smithfield Foods, Inc. - Common Stock",nasdaq
SFHG,Samfine Creation Holdings Group Limited - Class A Ordinary Share,nasdaq
SFIX,"Stitch Fix, Inc. - Class A Common Stock",nasdaq
SFM,"Sprouts Farmers Market, Inc. - Common Stock",nasdaq
SFNC,Simmons First National Corporation - Common Stock,nasdaq
SFST,"Southern First Bancshares, Inc. - Common Stock",nasdaq
SFWL,Shengfeng Development Limited - Class A Ordinary Shares,nasdaq
SGA,"Saga Communications, Inc. - Class A Common Stock",nasdaq
SGC,"Superior Group of Companies, Inc. - Common Stock",nasdaq
SGHT,"Sight Sciences, Inc. - Common Stock",nasdaq
SGLY,Singularity Future Technology Ltd. - Common Stock,nasdaq
SGML,Sigma Lithium Corporation - common shares,nasdaq
SGMT,Sagimet Biosciences Inc. - Series A Common Stock,nasdaq
SGP,"SpyGlass Pharma, Inc. - Common Stock",nasdaq
SGRY,"Surgery Partners, Inc. - Common Stock",nasdaq
SHAZ,"SharonAI Holdings, Inc. - Class A Common Stock",nasdaq
SHBI,"Shore Bancshares, Inc. - Common Stock",nasdaq
SHC,Sotera Health Company - Common Stock,nasdaq
SHEN,Shenandoah Telecommunications Co - Common Stock,nasdaq
SHFS,"SHF Holdings, Inc. - Class A Common Stock",nasdaq
SHIM,Shimmick Corporation - Common Stock,nasdaq
SHIP,Seanergy Maritime Holdings Corp. - Common Stock,nasdaq
SHLS,"Shoals Technologies Group, Inc. - Class A Common Stock",nasdaq
SHMD,SCHMID Group N.V. - Class A Ordinary Shares,nasdaq
SHOE,"Shoe Station Group, Inc. - Common Stock",nasdaq
SHOO,"Steven Madden, Ltd. - Common Stock",nasdaq
SHOP,Shopify Inc. - Class A Subordinate Voting Shares,nasdaq
SHOT,RMG ML Sports Holdings - Class A Ordinary Shares,nasdaq
SHPH,"Shuttle Pharmaceuticals Holdings, Inc. - common stock",nasdaq
SHW,Sherwin-Williams,sp500
SIBN,"SI-BONE, Inc. - Common Stock",nasdaq
SIDU,"Sidus Space, Inc. - Class A Common Stock",nasdaq
SIEB,Siebert Financial Corp. - Common Stock,nasdaq
SIFY,Sify Technologies Limited - American Depository Shares,nasdaq
SIGA,SIGA Technologies Inc. - Common Stock,nasdaq
SIGI,"Selective Insurance Group, Inc. - Common Stock",nasdaq
SILC,Silicom Ltd - Ordinary Shares,nasdaq
SILO,"Silo Pharma, Inc. - Common Stock",nasdaq
SIMA,SIM Acquisition Corp. I - Class A Ordinary Shares,nasdaq
SINT,"SiNtx Technologies, Inc. - Common Stock",nasdaq
SION,"Sionna Therapeutics, Inc. - Common Stock",nasdaq
SIRI,SiriusXM Holdings Inc. - Common Stock,nasdaq
SITM,SiTime Corporation - Common Stock,nasdaq
SJ,Scienjoy Holding Corporation - Class A Ordinary Shares,nasdaq
SJM,J.M. Smucker Company (The),sp500
SKIN,SkinHealth Systems Inc. - Class A Common Stock,nasdaq
SKK,SKK Holdings Limited - Class A Ordinary Shares,nasdaq
SKWD,"Skyward Specialty Insurance Group, Inc. - Common Stock",nasdaq
SKYA,"SkyAI, Inc. - Common Stock",nasdaq
SKYE,"Skye Bioscience, Inc. - Common Stock",nasdaq
SKYQ,Sky Quarry Inc. - Common Stock,nasdaq
SKYT,"SkyWater Technology, Inc. - Common Stock",nasdaq
SKYW,"SkyWest, Inc. - Common Stock",nasdaq
SKYX,SKYX Platforms Corp. - Common Stock,nasdaq
SLAB,"Silicon Laboratories, Inc. - Common Stock",nasdaq
SLB,Schlumberger,sp500
SLBT,SL Science Holding Limited - Ordinary Shares,nasdaq
SLDB,Solid Biosciences Inc. - Common Stock,nasdaq
SLDE,"Slide Insurance Holdings, Inc. - Common Stock",nasdaq
SLDP,"Solid Power, Inc. - Class A Common Stock",nasdaq
SLE,"Super League Enterprise, Inc. - Common Stock",nasdaq
SLGB,Smart Logistics Global Limited - Class A Ordinary Shares,nasdaq
SLGL,Sol-Gel Technologies Ltd. - Ordinary Shares,nasdaq
SLM,SLM Corporation - Common Stock,nasdaq
SLMT,Brera Holdings PLC - Class B Ordinary Shares,nasdaq
SLN,Silence Therapeutics Plc - American Depository Share,nasdaq
SLNG,"Stabilis Solutions, Inc. - Common Stock",nasdaq
SLNH,"Soluna Holdings, Inc. - Common Stock",nasdaq
SLP,"Simulations Plus, Inc. - Common Stock",nasdaq
SLRC,SLR Investment Corp. - Closed End Fund,nasdaq
SLS,"SELLAS Life Sciences Group, Inc.  - Common Stock",nasdaq
SLSN,"Solesence, Inc. - Common stock",nasdaq
SLXN,Silexion Therapeutics Corp - Ordinary Shares,nasdaq
SMBC,"Southern Missouri Bancorp, Inc. - Common Stock",nasdaq
SMCI,Supermicro,sp500
SMID,Smith-Midland Corporation - Common Stock,nasdaq
SMMT,Summit Therapeutics Inc.  - Common Stock,nasdaq
SMPL,The Simply Good Foods Company - Common Stock,nasdaq
SMSI,"Smith Micro Software, Inc. - Common Stock",nasdaq
SMTC,Semtech Corporation - Common Stock,nasdaq
SMTI,Sanara MedTech Inc. - Common Stock,nasdaq
SMTK,"SmartKem, Inc. - Common Stock",nasdaq
SMX,SMX (Security Matters) Public Limited Company - Ordinary Shares,nasdaq
SMXT,Solarmax Technology Inc. - Common Stock,nasdaq
SNA,Snap-on,sp500
SNAL,"Snail, Inc. - Class A Common Stock",nasdaq
SND,"Smart Sand, Inc. - Common Stock",nasdaq
SNDK,Sandisk,sp500
SNDL,SNDL Inc. - Common Shares,nasdaq
SNDX,"Syndax Pharmaceuticals, Inc. - Common Stock",nasdaq
SNES,"SenesTech, Inc. - Common Stock",nasdaq
SNEX,StoneX Group Inc. - Common Stock,nasdaq
SNFCA,Security National Financial Corporation - Class A Common Stock,nasdaq
SNGX,"Soligenix, Inc. - Common Stock",nasdaq
SNOA,"Sonoma Pharmaceuticals, Inc. - Common Stock",nasdaq
SNPS,Synopsys,sp500
SNT,Senstar Technologies Corporation - Common Shares,nasdaq
SNTG,Sentage Holdings Inc. - Class A Ordinary Shares,nasdaq
SNTI,"Senti Biosciences Holdings, Inc. - Common Stock",nasdaq
SNWV,"SANUWAVE Health, Inc. - Common Stock",nasdaq
SNYR,Synergy CHC Corp. - Common Stock,nasdaq
SO,Southern Company,sp500
SOBR,"SOBR Safe, Inc. - Common Stock",nasdaq
SOCA,Solarius Capital Acquisition Corp. - Class A Ordinary Share,nasdaq
SOFI,"SoFi Technologies, Inc.  - Common Stock",nasdaq
SOLS,Solstice Advanced Materials Inc. - Common Stock,nasdaq
SOLV,Solventum,sp500
SONM,"DNA X, Inc. - Common Stock",nasdaq
SONO,"Sonos, Inc. - Common Stock",nasdaq
SOPH,SOPHiA GENETICS SA - Ordinary Shares,nasdaq
SORA,AsiaStrategy - Ordinary Shares,nasdaq
SORN,Soren Acquisition Corp. - Class A Ordinary Shares,nasdaq
SOTK,Sono-Tek Corporation - Common Stock,nasdaq
SOUN,"SoundHound AI, Inc. - Class A Common Stock",nasdaq
SOWG,Sow Good Inc. - Common Stock,nasdaq
SPAI,Safe Pro Group Inc. - Common Stock,nasdaq
SPCB,"SuperCom, Ltd. - Ordinary Shares",nasdaq
SPCX,Space Exploration Technologies Corp. - Class A Common Stock,nasdaq
SPEG,Silver Pegasus Acquisition Corp - Class A Ordinary Shares,nasdaq
SPFI,"South Plains Financial, Inc. - Common Stock",nasdaq
SPG,Simon Property Group,sp500
SPGI,S&P Global,sp500
SPHL,Springview Holdings Ltd - Ordinary shares,nasdaq
SPKL,Spark I Acquisition Corp. - Class A Ordinary Share,nasdaq
SPOK,"Spok Holdings, Inc. - Common Stock",nasdaq
SPPL,SIMPPLE LTD. - Ordinary Shares,nasdaq
SPRB,"Spruce Biosciences, Inc. - Common Stock",nasdaq
SPRC,SciSparc Ltd. - Ordinary Shares,nasdaq
SPRO,"Spero Therapeutics, Inc. - Common Stock",nasdaq
SPRY,"ARS Pharmaceuticals, Inc. - Common Stock",nasdaq
SPSC,"SPS Commerce, Inc. - Common Stock",nasdaq
SPT,"Sprout Social, Inc - Class A Common Stock",nasdaq
SPTX,"Seaport Therapeutics, Inc. - Common Stock",nasdaq
SPWH,"Sportsman's Warehouse Holdings, Inc. - Common Stock",nasdaq
SPWR,SunPower Inc. - Common Stock,nasdaq
SQFT,"Presidio Property Trust, Inc. - Class A Common Stock",nasdaq
SRAD,Sportradar Group AG - Class A Ordinary Shares,nasdaq
SRBK,"SR Bancorp, Inc. - Common stock",nasdaq
SRCE,1st Source Corporation - Common Stock,nasdaq
SRE,Sempra,sp500
SRPT,"Sarepta Therapeutics, Inc. - Common Stock",nasdaq
SRRK,Scholar Rock Holding Corporation - Common Stock,nasdaq
SRTA,"Strata Critical Medical, Inc. - Class A Common Stock",nasdaq
SRTS,"Sensus Healthcare, Inc. - Common Stock",nasdaq
SRZN,"Surrozen, Inc. - Common Stock",nasdaq
SSAC,SPACSphere Acquisition Corp. - Class A Ordinary Shares,nasdaq
SSBI,Summit State Bank - Common Stock,nasdaq
SSEA,Starry Sea Acquisition Corp - Ordinary Shares,nasdaq
SSII,SS Innovations International Inc. - Common Stock,nasdaq
SSM,Sono Group N.V. - Ordinary Shares,nasdaq
SSNC,"SS&C Technologies Holdings, Inc. - Common Stock",nasdaq
SSP,E.W. Scripps Company (The) - Class A Common Stock,nasdaq
SSRM,SSR Mining Inc. - Common Stock,nasdaq
SSTI,"SoundThinking, Inc. - Common Stock",nasdaq
SSYS,"Stratasys, Ltd. - Common Stock",nasdaq
STAA,STAAR Surgical Company - Common Stock,nasdaq
STAK,STAK Inc. - Class A Ordinary Shares,nasdaq
STBA,"S&T Bancorp, Inc. - Common Stock",nasdaq
STE,Steris,sp500
STEP,StepStone Group Inc. - Class A Common Stock,nasdaq
STEX,Streamex Corp. - Common Stock,nasdaq
STFS,Star Fashion Culture Holdings Limited - Class A Ordinary Shares,nasdaq
STGW,Stagwell Inc. - Class A Common Stock,nasdaq
STHO,Star Holdings - Shares of Beneficial Interest,nasdaq
STI,"Solidion Technology, Inc. - Common Stock",nasdaq
STIM,"Neuronetics, Inc. - Common Stock",nasdaq
STKE,Sol Strategies Inc. - Common Shares,nasdaq
STKS,"The ONE Group Hospitality, Inc. - Common Stock",nasdaq
STLD,Steel Dynamics,sp500
STNE,StoneCo Ltd. - Class A Common Share,nasdaq
STOK,"Stoke Therapeutics, Inc. - Common Stock",nasdaq
STRA,"Strategic Education, Inc. - Common Stock",nasdaq
STRL,"Sterling Infrastructure, Inc. - Common Stock",nasdaq
STRO,"Sutro Biopharma, Inc. - Common Stock",nasdaq
STRR,"Star Equity Holdings, Inc. - Common Stock",nasdaq
STRS,Stratus Properties Inc. - Common Stock,nasdaq
STRT,STRATTEC SECURITY CORPORATION - Common Stock,nasdaq
STRZ,Starz Entertainment Corp. - Common Shares,nasdaq
STT,State Street Corporation,sp500
STTK,"Shattuck Labs, Inc. - Common Stock",nasdaq
STX,Seagate Technology,sp500
STZ,Constellation Brands,sp500
SUGP,SU Group Holdings Limited - Class A Ordinary Shares,nasdaq
SUIG,Sui Group Holdings Limited - Common Stock,nasdaq
SUJA,"Suja Life, Inc. - Class A Common Stock",nasdaq
SUMA,SUMA Acquisition Corporation - Class A Ordinary Shares,nasdaq
SUNE,"SUNation Energy, Inc. - Common Stock",nasdaq
SUNS,"Sunrise Realty Trust, Inc. - Common Stock",nasdaq
SUPN,"Supernus Pharmaceuticals, Inc. - Common Stock",nasdaq
SUPX,SuperX AI Technology Limited - Ordinary Shares,nasdaq
SURG,"SurgePays, Inc. - Common Stock",nasdaq
SVA,"Sinovac Biotech, Ltd. - Ordinary Shares (Antigua/Barbudo)",nasdaq
SVAQ,Silicon Valley Acquisition Corp. - Class A Ordinary Shares,nasdaq
SVC,Service Properties Trust - Common Shares of Beneficial Interest,nasdaq
SVCC,Stellar V Capital Corp. - Class A Ordinary Shares,nasdaq
SVCO,"Silvaco Group, Inc. - Common Stock",nasdaq
SVIV,Spring Valley Acquisition Corp. IV - Class A Ordinary Shares,nasdaq
SVRA,"Savara, Inc. - Common Stock",nasdaq
SVRN,OceanPal Inc. - Common Stock,nasdaq
SW,Smurfit Westrock,sp500
SWAG,"Stran & Company, Inc. - Common Stock",nasdaq
SWBI,"Smith & Wesson Brands, Inc. - Common Stock",nasdaq
SWIM,"Latham Group, Inc. - Common Stock",nasdaq
SWK,Stanley Black & Decker,sp500
SWKS,Skyworks Solutions,sp500
SWMR,"Swarmer, Inc - common stock",nasdaq
SWVL,Swvl Holdings Corp - Ordinary Shares,nasdaq
SXTC,"China SXT Pharmaceuticals, Inc. - Class A Ordinary Shares",nasdaq
SXTP,"60 Degrees Pharmaceuticals, Inc. - Common Stock",nasdaq
SY,So-Young International Inc. - American Depository Shares,nasdaq
SYBT,"Stock Yards Bancorp, Inc. - Common Stock",nasdaq
SYF,Synchrony Financial,sp500
SYK,Stryker Corporation,sp500
SYM,Symbotic Inc. - Class A Common Stock,nasdaq
SYNA,Synaptics Incorporated - Common Stock,nasdaq
SYPR,"Sypris Solutions, Inc. - Common Stock",nasdaq
SYRE,"Spyre Therapeutics, Inc. - Common Stock",nasdaq
SYY,Sysco,sp500
SZZL,Sizzle Acquisition Corp. II - Class A ordinary shares,nasdaq
T,AT&T,sp500
TACH,Titan Acquisition Corp. - Class A Ordinary Shares,nasdaq
TACO,Berto Acquisition Corp. - Ordinary Shares,nasdaq
TACT,TransAct Technologies Incorporated - Common Stock,nasdaq
TALK,"Talkspace, Inc. - Common Stock",nasdaq
TANH,Tantech Holdings Ltd. - Class A Common Shares,nasdaq
TAOP,Taoping Inc. - Ordinary Shares,nasdaq
TAOX,Tao Synergies Inc. - Common Stock,nasdaq
TAP,Molson Coors Beverage Company,sp500
TARA,"Protara Therapeutics, Inc.  - Common Stock",nasdaq
TARS,"Tarsus Pharmaceuticals, Inc. - Common Stock",nasdaq
TASK,"TaskUs, Inc. - Class A Common Stock",nasdaq
TATT,TAT Technologies Ltd. - Ordinary Shares,nasdaq
TAVI,Tavia Acquisition Corp. - Ordinary Shares,nasdaq
TAYD,"Taylor Devices, Inc. - Common Stock",nasdaq
TBBK,"The Bancorp, Inc. - Common Stock",nasdaq
TBCH,Turtle Beach Corporation - Common Stock,nasdaq
TBLA,Taboola.com Ltd. - Ordinary Shares,nasdaq
TBLD,Thornburg Income Builder Opportunities Trust - Closed End Fund,nasdaq
TBPH,"Theravance Biopharma, Inc. - Ordinary Shares",nasdaq
TCBI,"Texas Capital Bancshares, Inc. - Common Stock",nasdaq
TCBK,TriCo Bancshares - Common Stock,nasdaq
TCBS,"Texas Community Bancshares, Inc. - Common Stock",nasdaq
TCMD,"Tactile Systems Technology, Inc. - Common Stock",nasdaq
TCPC,BlackRock TCP Capital Corp. - Closed End Fund,nasdaq
TCRT,"Alaunos Therapeutics, Inc. - Common Stock",nasdaq
TCRX,"TScan Therapeutics, Inc. - Common Stock",nasdaq
TCX,Tucows Inc. - Common Stock,nasdaq
TDAC,Translational Development Acquisition Corp. - Ordinary Shares,nasdaq
TDG,TransDigm Group,sp500
TDIC,Dreamland Limited - Class A Ordinary Shares,nasdaq
TDTH,Trident Digital Tech Holdings Ltd - Class B Ordinary Shares,nasdaq
TDUP,ThredUp Inc. - Class A Common Stock,nasdaq
TDWD,Tailwind 2.0 Acquisition Corp. - Class A Ordinary Shares,nasdaq
TDY,Teledyne Technologies,sp500
TEAD,Teads Holding Co. - Common Stock,nasdaq
TEAM,Atlassian Corporation  - Class A Common Stock,nasdaq
TECH,Bio-Techne,sp500
TECX,"Tectonic Therapeutic, Inc. - Common Stock",nasdaq
TEL,TE Connectivity,sp500
TELA,"TELA Bio, Inc. - Common stock",nasdaq
TELO,"Telomir Pharmaceuticals, Inc. - Common Stock",nasdaq
TEM,"Tempus AI, Inc. - Class A Common Stock",nasdaq
TENB,"Tenable Holdings, Inc. - Common Stock",nasdaq
TENX,"Tenax Therapeutics, Inc. - Common Stock",nasdaq
TER,Teradyne,sp500
TFC,Truist Financial,sp500
TFSL,TFS Financial Corporation - Common Stock,nasdaq
TGHL,The GrowHub Limited - Class A Ordinary Shares,nasdaq
TGL,Treasure Global Inc. - Common Stock,nasdaq
TGT,Target Corporation,sp500
TGTX,"TG Therapeutics, Inc. - Common Stock",nasdaq
TH,Target Hospitality Corp. - Common Stock,nasdaq
THCH,TH International Limited - Ordinary shares,nasdaq
THFF,First Financial Corporation  - Common Stock,nasdaq
THH,TryHard Holdings Limited - Ordinary Shares,nasdaq
THRM,Gentherm Inc - Common Stock,nasdaq
THRY,"Thryv Holdings, Inc. - Common Stock",nasdaq
TIGO,Millicom International Cellular S.A. - Common Stock,nasdaq
TIL,"Instil Bio, Inc. - Common Stock",nasdaq
TILE,"Interface, Inc. - Common Stock",nasdaq
TIPT,Tiptree Inc. - Common Stock,nasdaq
TITN,Titan Machinery Inc. - Common Stock,nasdaq
TJGC,TJGC Group Limited - ordinary shares,nasdaq
TJX,TJX Companies,sp500
TKNO,"Alpha Teknova, Inc. - Common Stock",nasdaq
TKO,TKO Group Holdings,sp500
TLF,"Tandy Leather Factory, Inc. - common stock",nasdaq
TLIH,Ten-League International Holdings Limited - Ordinary Shares,nasdaq
TLN,Talen Energy Corporation - Common Stock,nasdaq
TLNC,Talon Capital Corp. - Class A Ordinary Shares,nasdaq
TLPH,"Talphera, Inc. - Common Stock",nasdaq
TLRY,"Tilray Brands, Inc. - Common Stock",nasdaq
TLS,Telos Corporation - Common Stock,nasdaq
TLSA,Tiziana Life Sciences Ltd - Common Shares,nasdaq
TLSI,"TriSalus Life Sciences, Inc. - Common Stock",nasdaq
TMC,TMC the metals company Inc. - Common Stock,nasdaq
TMCI,"Treace Medical Concepts, Inc. - Common Stock",nasdaq
TMCR,The Metals Royalty Company Inc. - Common Stock,nasdaq
TMDX,"TransMedics Group, Inc. - Common Stock",nasdaq
TMO,Thermo Fisher Scientific,sp500
TMS,Teamshares Inc. - Common Stock,nasdaq
TMTS,Spartacus Acquisition Corp. II - Class A Ordinary Shares,nasdaq
TMUS,T-Mobile US,sp500
TNDM,"Tandem Diabetes Care, Inc. - Common Stock",nasdaq
TNGX,"Tango Therapeutics, Inc. - Common Stock",nasdaq
TNMG,TNL Mediagene - Ordinary Shares,nasdaq
TNON,"Tenon Medical, Inc. - Common Stock",nasdaq
TNXP,Tonix Pharmaceuticals Holding Corp. - Common Stock,nasdaq
TNYA,"Tenaya Therapeutics, Inc. - Common Stock",nasdaq
TOI,"The Oncology Institute, Inc. - Common Stock",nasdaq
TOMZ,"TOMI Environmental Solutions, Inc. - Common Stock",nasdaq
TONX,TON Strategy Company - Common Stock,nasdaq
TOP,TOP Financial Group Limited - Class A Ordinary Shares,nasdaq
TORO,Toro Corp. - Common stock,nasdaq
TOWN,Towne Bank - Common Stock,nasdaq
TOYO,"TOYO Co., Ltd - Ordinary Shares",nasdaq
TPCS,TechPrecision Corporation - Common stock,nasdaq
TPG,TPG Inc. - Class A Common Stock,nasdaq
TPL,Texas Pacific Land Corporation,sp500
TPR,"Tapestry, Inc.",sp500
TPST,"Tempest Therapeutics, Inc. - Common Stock",nasdaq
TRAW,"Traws Pharma, Inc. - Common Stock",nasdaq
TRAX,"First Tracks Biotherapeutics, Inc. - Ordinary Shares",nasdaq
TRDA,"Entrada Therapeutics, Inc. - Common Stock",nasdaq
TREE,"LendingTree, Inc. - Common Stock",nasdaq
TRGP,Targa Resources,sp500
TRGS,TRG Latin America Acquisitions Corp. - Class A Ordinary Shares,nasdaq
TRI,Thomson Reuters Corp - Common Shares,nasdaq
TRIP,"TripAdvisor, Inc. - Common Stock",nasdaq
TRMB,Trimble Inc.,sp500
TRMD,TORM plc - Class A Common Stock,nasdaq
TRMK,Trustmark Corporation - Common Stock,nasdaq
TRNR,Interactive Strength Inc. - Common Stock,nasdaq
TRNS,"Transcat, Inc. - Common Stock",nasdaq
TRON,Tron Inc. - Common Stock,nasdaq
TROO,"TROOPS, Inc.  - Ordinary Shares",nasdaq
TROW,T. Rowe Price,sp500
TRS,TriMas Corporation - Common Stock,nasdaq
TRSG,Tungray Technologies Inc - Class A Ordinary Shares,nasdaq
TRST,TrustCo Bank Corp NY - Common Stock,nasdaq
TRUG,"TruGolf Holdings, Inc. - Class A Common Stock",nasdaq
TRUP,"Trupanion, Inc. - Common Stock",nasdaq
TRV,Travelers Companies (The),sp500
TRVI,"Trevi Therapeutics, Inc. - Common Stock",nasdaq
TSAT,Telesat Corporation - Class A Common Shares and Class B Variable Voting Shares,nasdaq
TSBK,"Timberland Bancorp, Inc. - Common Stock",nasdaq
TSCO,Tractor Supply,sp500
TSEM,Tower Semiconductor Ltd. - Ordinary Shares,nasdaq
TSHA,"Taysha Gene Therapies, Inc. - Common Stock",nasdaq
TSLA,"Tesla, Inc.",sp500
TSN,Tyson Foods,sp500
TSSI,"TSS, Inc. - Common Stock",nasdaq
TT,Trane Technologies,sp500
TTAN,"ServiceTitan, Inc. - Class A Common Stock",nasdaq
TTD,Trade Desk (The),sp500
TTEC,"TTEC Holdings, Inc. - Common Stock",nasdaq
TTEK,"Tetra Tech, Inc. - Common Stock",nasdaq
TTGT,"TechTarget, Inc. - Common Stock",nasdaq
TTMI,"TTM Technologies, Inc. - Common Stock",nasdaq
TTRX,Turn Therapeutics Inc. - Common Stock,nasdaq
TTWO,Take-Two Interactive,sp500
TULP,"Bloomia Holdings, Inc. - Common Stock",nasdaq
TUSK,"Mammoth Energy Services, Inc. - Common Stock",nasdaq
TVA,Texas Ventures Acquisition III Corp - Class A Ordinary Share,nasdaq
TVAI,Thayer Ventures Acquisition Corporation II - Class A Ordinary Shares,nasdaq
TVGN,Tevogen Inc. - Common Stock,nasdaq
TVIV,Texas Ventures Acquisition IV Corp - Class A Ordinary Shares,nasdaq
TVRD,"Tvardi Therapeutics, Inc. - Common Stock",nasdaq
TVTX,"Travere Therapeutics, Inc. - Common Stock",nasdaq
TW,Tradeweb Markets Inc. - Class A Common Stock,nasdaq
TWAV,"TaoWeave, Inc. - Common Stock",nasdaq
TWFG,"TWFG, Inc. - Common Stock",nasdaq
TWG,Top Wealth Group Holding Limited - Class A Ordinary Shares,nasdaq
TWIN,"Twin Disc, Incorporated - Common Stock",nasdaq
TWLV,Twelve Seas Investment Company III - Class A Ordinary Shares,nasdaq
TWST,Twist Bioscience Corporation - Common Stock,nasdaq
TXG,"10x Genomics, Inc. - Common Stock",nasdaq
TXMD,"TherapeuticsMD, Inc. - Common Stock",nasdaq
TXN,Texas Instruments,sp500
TXRH,"Texas Roadhouse, Inc. - Common Stock",nasdaq
TXT,Textron,sp500
TYGO,"Tigo Energy, Inc. - Common Stock",nasdaq
TYL,Tyler Technologies,sp500
TYRA,"Tyra Biosciences, Inc. - Common Stock",nasdaq
TZOO,Travelzoo - Common Stock,nasdaq
UAL,United Airlines Holdings,sp500
UBCP,"United Bancorp, Inc. - Common Stock",nasdaq
UBER,Uber,sp500
UBSI,"United Bankshares, Inc. - Common Stock",nasdaq
UCAR,U Power Limited - Class A Ordinary Shares,nasdaq
UCFI,CN Healthy Food Tech Group Corp. - Common Stock,nasdaq
UCTT,"Ultra Clean Holdings, Inc. - Common Stock",nasdaq
UDR,"UDR, Inc.",sp500
UEIC,Universal Electronics Inc. - Common Stock,nasdaq
UFCS,"United Fire Group, Inc - Common Stock",nasdaq
UFG,Uni-Fuels Holdings Limited - Class A Ordinary Shares,nasdaq
UFPI,"UFP Industries, Inc. - Common Stock",nasdaq
UFPT,"UFP Technologies, Inc. - Common Stock",nasdaq
UG,"United-Guardian, Inc. - Common Stock",nasdaq
UHS,Universal Health Services,sp500
UK,Ucommune International Ltd  - Class A Ordinary Shares,nasdaq
ULBI,Ultralife Corporation - Common Stock,nasdaq
ULCC,"Frontier Group Holdings, Inc. - Common Stock",nasdaq
ULH,"Universal Logistics Holdings, Inc. - Common Stock",nasdaq
ULTA,Ulta Beauty,sp500
UMBF,UMB Financial Corporation - Common Stock,nasdaq
UNB,"Union Bankshares, Inc. - Common Stock",nasdaq
UNCY,"Unicycive Therapeutics, Inc. - Common Stock",nasdaq
UNH,UnitedHealth Group,sp500
UNIT,Uniti Group Inc. - Common Stock,nasdaq
UNP,Union Pacific Corporation,sp500
UNTY,"Unity Bancorp, Inc. - Common Stock",nasdaq
UONE,"Urban One, Inc.  - Class A Common Stock",nasdaq
UONEK,"Urban One, Inc.  - Class D Common Stock",nasdaq
UPB,"Upstream Bio, Inc. - Common Stock",nasdaq
UPBD,"Upbound Group, Inc. - Common Stock",nasdaq
UPC,Universe Pharmaceuticals Inc - Class A Ordinary Shares,nasdaq
UPLD,"Upland Software, Inc. - Common Stock",nasdaq
UPS,United Parcel Service,sp500
UPST,"Upstart Holdings, Inc. - Common stock",nasdaq
UPWK,Upwork Inc. - Common Stock,nasdaq
UPXI,"Upexi, Inc. - Common Stock",nasdaq
URBN,"Urban Outfitters, Inc. - Common Stock",nasdaq
URGN,UroGen Pharma Ltd. - Ordinary Shares,nasdaq
URI,United Rentals,sp500
UROY,Uranium Royalty Corp. - Common Stock,nasdaq
USAR,"USA Rare Earth, Inc. - Common Stock",nasdaq
USAU,U.S. Gold Corp. - Common Stock,nasdaq
USB,U.S. Bancorp,sp500
USCB,"USCB Financial Holdings, Inc.  - Class A Common Stock",nasdaq
USDE,StablecoinX Inc. - Class A Common Stock,nasdaq
USEA,United Maritime Corporation - Common Stock,nasdaq
USGO,U.S. GoldMining Inc. - Common stock,nasdaq
USIO,"Usio, Inc. - Common Stock",nasdaq
USLM,"United States Lime & Minerals, Inc. - Common Stock",nasdaq
UTHR,United Therapeutics Corporation - Common Stock,nasdaq
UTMD,"Utah Medical Products, Inc. - Common Stock",nasdaq
UTSI,UTStarcom Holdings Corp - Ordinary Shares,nasdaq
UVSP,Univest Financial Corporation - Common Stock,nasdaq
UYSC,UY Scuti Acquisition Corp. - Ordinary Shares,nasdaq
UZX,Linkage Global Inc - Class A Ordinary Shares,nasdaq
V,Visa Inc.,sp500
VABK,Virginia National Bankshares Corporation - Common Stock,nasdaq
VALU,"Value Line, Inc. - Common Stock",nasdaq
VANI,"Vivani Medical, Inc.  - Common Stock",nasdaq
VBIO,"Valion Bio, Inc. - Common stock",nasdaq
VBNK,VersaBank - Common Shares,nasdaq
VC,Visteon Corporation - Common Stock,nasdaq
VCEL,Vericel Corporation - Common Stock,nasdaq
VCIG,VCI Global Limited - Ordinary Share,nasdaq
VCTR,"Victory Capital Holdings, Inc. - Common Stock",nasdaq
VCYT,"Veracyte, Inc. - Common Stock",nasdaq
VECO,Veeco Instruments Inc. - Common Stock,nasdaq
VEEA,Veea Inc. - Common Stock,nasdaq
VEEE,Twin Vee PowerCats Co. - Common Stock,nasdaq
VEEV,Veeva Systems,sp500
VELO,"Velo3D, Inc. - Common stock",nasdaq
VERA,"Vera Therapeutics, Inc. - Class A Common Stock",nasdaq
VERI,"Veritone, Inc. - Common Stock",nasdaq
VERU,Veru Inc. - Common Stock,nasdaq
VERX,"Vertex, Inc. - Class A Common Stock",nasdaq
VFF,"Village Farms International, Inc. - Common Shares",nasdaq
VFS,VinFast Auto Ltd. - Ordinary Shares,nasdaq
VGAS,"Verde Clean Fuels, Inc. - Class A Common Stock",nasdaq
VHC,VirnetX Holding Corp - Common Stock,nasdaq
VHCP,Vine Hill Capital Investment Corp. II - Class A Ordinary Shares,nasdaq
VHUB,"VenHub Global, Inc. - Common Stock",nasdaq
VIAV,Viavi Solutions Inc. - Common Stock,nasdaq
VICI,Vici Properties,sp500
VICR,Vicor Corporation - Common Stock,nasdaq
VINP,Vinci Compass Investments Ltd. - Class A Common Shares,nasdaq
VIP,Vulcan Infrastructure and Power Inc. - Class A Common Stock,nasdaq
VIR,"Vir Biotechnology, Inc. - Common Stock",nasdaq
VIRC,Virco Manufacturing Corporation - Common Stock,nasdaq
VISN,"Vistance Networks, Inc.  - Common Stock",nasdaq
VITL,"Vital Farms, Inc. - Common Stock",nasdaq
VIVK,"Vivakor, Inc. - Common Stock",nasdaq
VIVO,VivoPower PLC - Class A Ordinary Shares,nasdaq
VIVS,"VivoSim Labs, Inc. - Common Stock",nasdaq
VKTX,"Viking Therapeutics, Inc. - Common Stock",nasdaq
VLGEA,"Village Super Market, Inc. - Class A Common Stock",nasdaq
VLO,Valero Energy,sp500
VLOS,Velos Acquisition I Corp. - Class A Ordinary shares,nasdaq
VLTO,Veralto,sp500
VLY,Valley National Bancorp - Common Stock,nasdaq
VMAR,Vision Marine Technologies Inc. - Common Shares,nasdaq
VMC,Vulcan Materials Company,sp500
VMD,"Viemed Healthcare, Inc. - Common Shares",nasdaq
VMET,Versamet Royalties Corporation - Common Stock,nasdaq
VNCE,Vince Holding Corp. - Common Stock,nasdaq
VNDA,Vanda Pharmaceuticals Inc. - Common Stock,nasdaq
VNME,Vendome Acquisition Corporation I - Class A Ordinary Shares,nasdaq
VNOM,"Viper Energy, Inc.  - Class A Common Stock",nasdaq
VOR,Vor Biopharma Inc. - Common Stock,nasdaq
VOXR,Vox Royalty Corp. - common stock,nasdaq
VRA,"Vera Bradley, Inc. - Common Stock",nasdaq
VRAX,Virax Biolabs Group Limited - Ordinary Shares,nasdaq
VRCA,Verrica Pharmaceuticals Inc. - Common Stock,nasdaq
VRDN,"Viridian Therapeutics, Inc.  - Common Stock",nasdaq
VREX,Varex Imaging Corporation - Common Stock,nasdaq
VRM,"Vroom, Inc. - Common Stock",nasdaq
VRME,"VerifyMe, Inc. - Common Stock",nasdaq
VRNS,"Varonis Systems, Inc. - Common Stock",nasdaq
VRRM,Verra Mobility Corporation - Class A Common Stock,nasdaq
VRSK,Verisk Analytics,sp500
VRSN,Verisign,sp500
VRT,Vertiv,sp500
VRTX,Vertex Pharmaceuticals,sp500
VRXA,Veraxa Biotech AG - Ordinary Shares,nasdaq
VS,Versus Systems Inc. - Common Stock,nasdaq
VSAT,"ViaSat, Inc. - Common Stock",nasdaq
VSEC,VSE Corporation - Common Stock,nasdaq
VSEE,"VSee Health, Inc. - Common Stock",nasdaq
VSME,VS Media Holdings Limited - Class A Ordinary Shares,nasdaq
VSNT,"Versant Media Group, Inc. - Class A Common Stock",nasdaq
VST,Vistra Corp.,sp500
VSTM,"Verastem, Inc. - Common Stock",nasdaq
VTGN,"Vistagen Therapeutics, Inc. - Common Stock",nasdaq
VTIX,Virtuix Holdings Inc. - Class A Common Stock,nasdaq
VTR,Ventas,sp500
VTRS,Viatris,sp500
VTSI,"VirTra, Inc. - Common Stock",nasdaq
VTVT,vTv Therapeutics Inc. - Class A Common Stock,nasdaq
VUZI,Vuzix Corporation  - Common Stock,nasdaq
VVOS,"Vivos Therapeutics, Inc. - Common Stock",nasdaq
VWAV,"VisionWave Holdings, Inc. - Common Stock",nasdaq
VYGR,"Voyager Therapeutics, Inc. - Common Stock",nasdaq
VZ,Verizon,sp500
WAB,Wabtec,sp500
WABC,Westamerica Bancorporation - Common Stock,nasdaq
WAFD,"WaFd, Inc. - Common Stock",nasdaq
WAFU,Wah Fu Education Group Limited - Ordinary Shares,nasdaq
WALD,Waldencast plc - Class A Ordinary Share,nasdaq
WASH,"Washington Trust Bancorp, Inc. - Common Stock",nasdaq
WAT,Waters Corporation,sp500
WATT,Energous Corporation - Common Stock,nasdaq
WAY,Waystar Holding Corp. - Common Stock,nasdaq
WBD,Warner Bros. Discovery,sp500
WBTN,WEBTOON Entertainment Inc. - Common stock,nasdaq
WBUY,WEBUY GLOBAL LTD. - Class A Ordinary Shares,nasdaq
WCT,Wellchange Holdings Company Limited - Class A Ordinary shares,nasdaq
WDAY,"Workday, Inc.",sp500
WDC,Western Digital,sp500
WDFC,WD-40 Company - Common Stock,nasdaq
WEC,WEC Energy Group,sp500
WELL,Welltower,sp500
WEN,Wendy's Company (The) - Common Stock,nasdaq
WENN,Wen Acquisition Corp - Class A Ordinary Shares,nasdaq
WERN,"Werner Enterprises, Inc. - Common Stock",nasdaq
WEST,Westrock Coffee Company - Common Stock,nasdaq
WETH,Wetouch Technology Inc. - Common Stock,nasdaq
WETO,Wetour Robotics Limited - Ordinary Shares,nasdaq
WEYS,"Weyco Group, Inc. - Common Stock",nasdaq
WFC,Wells Fargo,sp500
WFCF,"Where Food Comes From, Inc. - Common Stock",nasdaq
WFF,WF Holding Limited - Ordinary Shares,nasdaq
WFRD,Weatherford International plc - Ordinary shares,nasdaq
WGS,GeneDx Holdings Corp. - Class A Common Stock,nasdaq
WHF,"WhiteHorse Finance, Inc. - Closed End Fund",nasdaq
WHLR,"Wheeler Real Estate Investment Trust, Inc. - Common Stock",nasdaq
WHWK,"Whitehawk Therapeutics, Inc. - Common Stock",nasdaq
WILC,"G. Willi-Food International,  Ltd. - Ordinary Shares",nasdaq
WIMI,WiMi Hologram Cloud Inc. - Class B Ordinary Shares,nasdaq
WINA,Winmark Corporation - Common Stock,nasdaq
WING,Wingstop Inc. - Common Stock,nasdaq
WIX,Wix.com Ltd. - Ordinary Shares,nasdaq
WKHS,"Workhorse Group, Inc. - Common Stock",nasdaq
WKSP,"Worksport, Ltd. - Common Stock",nasdaq
WLDN,"Willdan Group, Inc. - Common Stock",nasdaq
WLDS,Wearable Devices Ltd. - Ordinary Share,nasdaq
WLFC,Willis Lease Finance Corporation - Common Stock,nasdaq
WLII,Willow Lane Acquisition Corp. II - Class A Ordinary Shares,nasdaq
WLTH,Wealthfront Corporation - Common Stock,nasdaq
WM,Waste Management,sp500
WMB,Williams Companies,sp500
WMG,Warner Music Group Corp. - Class A Common Stock,nasdaq
WMT,Walmart,sp500
WNEB,"Western New England Bancorp, Inc. - Common Stock",nasdaq
WNW,Meiwu Technology Company Limited - Ordinary Shares,nasdaq
WOK,WORK Medical Technology Group LTD - Class A Ordinary Shares,nasdaq
WOOF,"Petco Health and Wellness Company, Inc. - Class A Common Stock",nasdaq
WPRT,Westport Fuel Systems Inc - Common Shares,nasdaq
WRAP,"Wrap Technologies, Inc. - Common Stock",nasdaq
WRB,W. R. Berkley Corporation,sp500
WRLD,World Acceptance Corporation - Common Stock,nasdaq
WSBC,"WesBanco, Inc. - Common Stock",nasdaq
WSBF,"Waterstone Financial, Inc. - Common Stock",nasdaq
WSBK,"Winchester Bancorp, Inc. - Common Stock",nasdaq
WSC,WillScot Holdings Corporation - Class A Common Stock,nasdaq
WSE,Wise Group plc - Class A Ordinary Shares,nasdaq
WSFS,WSFS Financial Corporation - Common Stock,nasdaq
WSHP,WeShop Holdings Limited - Class A Ordinary Shares,nasdaq
WSM,"Williams-Sonoma, Inc.",sp500
WST,West Pharmaceutical Services,sp500
WSTN,Westin Acquisition Corp - Class A Ordinary Share,nasdaq
WTBA,West Bancorporation - Common Stock,nasdaq
WTF,Waton Financial Limited - Ordinary Shares,nasdaq
WTFC,Wintrust Financial Corporation - Common Stock,nasdaq
WTG,Wintergreen Acquisition Corp. - Ordinary Shares,nasdaq
WTW,Willis Towers Watson,sp500
WULF,TeraWulf Inc. - Common Stock,nasdaq
WVE,Wave Life Sciences Ltd. - Ordinary Shares,nasdaq
WVVI,"Willamette Valley Vineyards, Inc. - Common Stock",nasdaq
WW,"WW International, Inc.  - Common Stock",nasdaq
WWD,"Woodward, Inc. - Common Stock",nasdaq
WXM,WF International Limited - Ordinary Shares,nasdaq
WY,Weyerhaeuser,sp500
WYFI,"WhiteFiber, Inc. - Ordinary Shares",nasdaq
WYNN,Wynn Resorts,sp500
XAIR,"Beyond Air, Inc. - Common Stock",nasdaq
XBIO,"Xenetic Biosciences, Inc. - Common Stock",nasdaq
XBIT,XBiotech Inc. - Common Stock,nasdaq
XBP,"XBP Global Holdings, Inc. - Common Stock",nasdaq
XCBE,X3 Acquisition Corp. Ltd. - Class A Ordinary Shares,nasdaq
XCH,XCHG Limited - ADS,nasdaq
XCUR,"Exicure, Inc. - Common Stock",nasdaq
XE,"X-Energy, Inc. - Class A Common Stock",nasdaq
XEL,Xcel Energy,sp500
XELB,"Xcel Brands, Inc - Common Stock",nasdaq
XENE,Xenon Pharmaceuticals Inc. - Common Shares,nasdaq
XERS,"Xeris Biopharma Holdings, Inc. - Common Stock",nasdaq
XFOR,"X4 Pharmaceuticals, Inc. - Common Stock",nasdaq
XGN,Exagen Inc. - Common Stock,nasdaq
XHLD,"TEN Holdings, Inc. - Common Stock",nasdaq
XLO,"Xilio Therapeutics, Inc. - Common Stock",nasdaq
XMAX,"XMAX, Inc. - Common Stock",nasdaq
XMTR,"Xometry, Inc. - Class A Common Stock",nasdaq
XNCR,"Xencor, Inc. - Common Stock",nasdaq
XNDU,Xanadu Quantum Technologies Limited - Class B Subordinate Voting Shares,nasdaq
XOM,ExxonMobil,sp500
XOS,"Xos, Inc. - Common Stock",nasdaq
XP,XP Inc. - Class A Common Stock,nasdaq
XPEL,"XPEL, Inc. - Common Stock",nasdaq
XPON,Expion360 Inc. - Common Stock,nasdaq
XRAY,DENTSPLY SIRONA Inc. - Common Stock,nasdaq
XRPN,Armada Acquisition Corp. II - Class A Ordinary Shares,nasdaq
XRTX,XORTX Therapeutics Inc. - Common Shares,nasdaq
XRX,Xerox Holdings Corporation - Common Stock,nasdaq
XSLL,Xsolla SPAC 1 - Class A Ordinary Shares,nasdaq
XTIA,"XTI Aerospace, Inc. Common Stock  - Common Stock",nasdaq
XWEL,"XWELL, Inc. - Common Stock",nasdaq
XXII,"22nd Century Group, Inc - Common Stock",nasdaq
XYL,Xylem Inc.,sp500
XYZ,"Block, Inc.",sp500
YAAS,Youxin Technology Ltd - Class A Ordinary shares,nasdaq
YARW,"Yarrow Bioscience, Inc. - Common Stock",nasdaq
YDDL,One and One Green Technologies. INC - Class A Ordinary Shares,nasdaq
YDES,YD Bio Limited - Ordinary Shares,nasdaq
YDKG,Yueda Digital Holding - Class A Ordinary Share,nasdaq
YHC,LQR House Inc. - Common Stock,nasdaq
YHGJ,Yunhong Green CTI Ltd. - Common Stock,nasdaq
YHNA,YHN Acquisition I Limited - Ordinary Shares,nasdaq
YIBO,Planet Image International Limited - Class A Ordinary Shares,nasdaq
YICC,Yorkville International Capital Corp. - Class A Ordinary Shares,nasdaq
YJ,Yunji Inc. - American Depository Shares,nasdaq
YMAT,"J-Star Holding Co., Ltd. - Class A Ordinary Shares",nasdaq
YORW,The York Water Company - Common Stock,nasdaq
YSWY,"Yesway, Inc. - Class A Common Stock",nasdaq
YSXT,"YSX Tech. Co., Ltd  - Class A Ordinary Shares",nasdaq
YTRA,"Yatra Online, Inc. - Ordinary Shares",nasdaq
YUM,Yum! Brands,sp500
YXT,YXT.COM GROUP HOLDING LIMITED - American Depository Shares,nasdaq
YYAI,AiRWA Inc. - Common Stock,nasdaq
YYGH,YY Group Holding Limited - Class A Ordinary Shares,nasdaq
Z,"Zillow Group, Inc. - Class C Capital Stock",nasdaq
ZBAO,Zhibao Technology Inc. - Class A Ordinary Shares,nasdaq
ZBH,Zimmer Biomet,sp500
ZBIO,"Zenas BioPharma, Inc. - Common Stock",nasdaq
ZBRA,Zebra Technologies,sp500
ZCMD,Zhongchao Inc. - Class A Ordinary Shares,nasdaq
ZD,"Ziff Davis, Inc. - Common Stock",nasdaq
ZDAI,"DirectBooking Technology Co., Ltd. - Class A Ordinary Shares",nasdaq
ZENA,"ZenaTech, Inc. - Common Stock",nasdaq
ZEO,Zeo Energy Corporation - Class A Common Stock,nasdaq
ZG,"Zillow Group, Inc. - Class A Common Stock",nasdaq
ZION,Zions Bancorporation N.A. - Common Stock,nasdaq
ZJK,"ZJK Industrial Co., Ltd. - Class A Ordinary Shares",nasdaq
ZJYL,JIN MEDICAL INTERNATIONAL LTD. - Class A Ordinary Shares,nasdaq
ZKIN,"ZK International Group Co., Ltd - Ordinary Share",nasdaq
ZKP,Lafayette Digital Acquisition Corp. I - Class A Ordinary Shares,nasdaq
ZM,"Zoom Communications, Inc. - Class A Common Stock",nasdaq
ZNB,Zeta Network Group - Class A Ordinary Shares,nasdaq
ZNTL,"Zentalis Pharmaceuticals, Inc. - common stock",nasdaq
ZOOZ,ZOOZ Strategy Ltd. - Ordinary Shares,nasdaq
ZS,"Zscaler, Inc. - Common Stock",nasdaq
ZSQR,Z Squared Inc. - Common Stock,nasdaq
ZSTK,ZeroStack Corp. - Common Stock,nasdaq
ZTEK,Zentek Ltd. - common stock,nasdaq
ZTG,Zenta Group Company Limited - Class A Ordinary Shares,nasdaq
ZTS,Zoetis,sp500
ZUMZ,Zumiez Inc. - Common Stock,nasdaq
ZURA,Zura Bio Limited - Class A Ordinary shares,nasdaq
ZVRA,"Zevra Therapeutics, Inc.  - Common Stock",nasdaq
ZYBT,Zhengye Biotechnology Holding Limited - Class A Ordinary Shares,nasdaq
ZYME,Zymeworks Inc. - Common Stock,nasdaq
,Nano Labs Ltd - Class A Ordinary Shares,nasdaq
